smiles,total,qed,sa,docking_score
O=C=NC1=CC2C(=Cc3ccccc32)C1(O)C(=O)NC1=Nc2ccccc2C1,-12.782,0.629481,4.333307,-12.782
CC1(CC2NN(c3ccccc3)C(=O)c3ccccc32)c2ccccc2C2=CC=CCC21,-12.414,0.548063,3.996621,-12.414
C=C1C=c2cc(-c3noc(C4(C5=CCC6=CCCC=C65)C=CCC4)n3)oc2=CC1,-12.983,0.737869,4.923244,-12.983
C=c1cc(-c2cc(C)cc(-c3cc(C)cc(C4=NOC5CNC=C45)c3)c2C)nc2c1=NN=C1CCCNC12,-12.344,0.571527,4.762671,-12.344
CC1CC(=O)NN=C1c1cc(OCc2ccccc2C2=CC(C(F)F)C=C2)cc(C2=NNC(=O)CC2)c1,-12.487,0.57856,4.23751,-12.487
C=C1C(c2ccccc2)=CC2=NN(C3CCCNC3)C(=O)CN2C1=CNC1C2=CCCC=C2c2ccccc21,-12.943,0.592221,4.537412,-12.943
C1=CN2c3ccccc3C2OC1C1=Cc2ccccc2C2Oc3ccccc3C=C12,-12.601,0.507017,4.233723,-12.601
Fc1ccc(C2C=C(c3cc(F)c4ccccc4c3)NC3N=NNCC32)cc1,-12.413,0.677564,4.131242,-12.413
FC1(c2nc(CC3=NNON=C3)n(C3=CC(C(F)(F)C(F)(F)F)=NON3)n2)CCCCC1,-12.136,0.646213,4.717511,-12.136
O=C1C=C2C(=CC1)CC1=CCCC=C1C2=CCOC1C2=CCCC=C2Cc2ccccc21,-12.179,0.540586,4.425087,-12.179
C=C1C=C(CC2=CC(F)CC=C2c2noc(-c3ccccc3C3=CCC(F)C=C3)n2)CC1=N,-12.426,0.554896,4.771441,-12.426
N=C=C1C=C(C2=CCCC=C2)C=C(NN2CC(c3ccc(F)cc3)c3ccccc32)C1=O,-12.168,0.529752,4.133115,-12.168
Cc1ccc(-c2nnnn2-c2cccc(N)c2)cc1N=C1CCC=C(C2CCOC2)C1,-11.765,0.503356,3.68198,-11.765
O=C(C#Cc1c(F)cccc1C#Cc1ccccc1C1=NC(=O)C2CC=CC2=N1)C1=CC=C(F)CC1,-12.334,0.571623,4.355474,-12.334
N=C1C=CC=C1c1ccnc(C2=NC3CC=CC=C3C(c3nccc(-c4ccccc4)n3)N2)n1,-12.384,0.627881,4.406719,-12.384
CC1(C)C=CCC2C1=NONC2N1C=C2CC=CC2=C(c2cccc(Br)c2)C1,-11.532,0.646857,4.785623,-11.532
C=C1C=C(c2ccc(F)cn2)C=C1C1=NC(c2cccc3c2CCC=C3)C=CN1,-12.419,0.781619,4.291128,-12.419
Cc1ccc(C2CC=CC=C2NC(=O)c2nn(-c3ccc(C)cc3C(=O)O)c3c2N=CCC3)cc1,-12.254,0.540585,3.756813,-12.254
Cc1cc(N2OC3(COCC3=O)C(C3C=C(F)C=CC3)C2=O)nc(-c2ccccc2)n1,-12.282,0.7576,4.865791,-12.282
O=C1C=CC(C2=NON(c3cccc(C4=CC=CCC4C4=CC=CC(=O)C4)n3)N2O)C=C1,-12.513,0.784431,4.75836,-12.513
N=C1C=C(c2nc(N3CN=C(F)C3c3ccccc3F)nn2C2=CCC(Br)=C2F)OCN1,-11.62,0.654196,4.777325,-11.62
C=C1C=CC(=O)C(c2cccc(-c3cccc(C4=CC(=C)C(=O)C(C5=NNNN=N5)=C4)c3)n2)=C1,-12.391,0.68874,3.96721,-12.391
FC1=C(c2cccc(C=CC3=CC(C(F)F)=CC4=NC(N5CCNCC5)=NC34)c2)CCC=C1,-12.388,0.705539,4.338091,-12.388
O=c1c(C2=CCCCC2)nnc2n1C(=C1C=CC=CC1)C2=CCC1C=CC=CC1=C1C=CC=CC1,-13.345,0.507427,4.728417,-13.345
N=C1C=C2C(=CC1)C(N1C(=O)N1C(=O)NC1c3ccccc3-c3ccccc31)c1ccccc12,-13.084,0.504498,4.230731,-13.084
C=C1C=CC=C1C1=CC(c2cccc(-c3ccccc3)c2)=CC2(C=CCN=C2)N1,-12.348,0.689322,4.532177,-12.348
CC1=CC2=C(C(=O)NC(=O)C3(c4ccccc4)CC=CC3)C(c3ccccc3)=CC2=C1,-12.521,0.56153,3.205071,-12.521
C=C1C=CC=C1C1=CC(C2=CC=CC2=N)CC(c2cccc(-c3ccccc3)c2)=C1,-12.852,0.572906,3.850897,-12.852
OC1C=CC(c2ccc3c(c2)CCC3)=NC1C1(c2coc(C3=CCC4CCCC4=C3)n2)C=C2CCCC2=C1,-12.093,0.502881,4.986346,-12.093
C=C1C=C(C2C=C(c3cccc(-c4cc(F)ccc4O)n3)C=C2C2=CCCC=C2)C=CC1,-12.087,0.563827,4.129483,-12.087
CC1=CC=C(n2nc(C(=O)N3CCC4=CCCC=C4C3)cc2C2=CC3=CCC=C3CC2)C1,-12.59,0.597929,3.942782,-12.59
C=C1CC=CC[C@]1(c1nc(C2=CC=C(C)CC2=O)no1)C1C=C(C)CC(Cl)=C1,-12.116,0.625414,4.977563,-12.116
O=c1cc(CC=C2C=CC=CC2)[nH]c(-c2cccc(C=C=C=C=C3CC=CCC3)c2)n1,-12.479,0.500904,4.127625,-12.479
C1=c2ccc3c(C4=NC(c5cccc6c7c(ccc56)CCN7)=NNO4)cccc3c2=NCC1,-12.374,0.511106,3.692525,-12.374
C=C1C=C([C@H](Nc2ccc3nnc(C4=CC(=C=O)CCC4)n3n2)c2cccc(F)c2)CCC1,-12.395,0.536314,4.093314,-12.395
N=C1C=CC=C(C2=NC(C3C=CC=C4C=CC(=O)N=C43)NN2c2cnc3ccc(Cl)cc3n2)C1,-11.904,0.711795,4.861271,-11.904
C=C1C=CC(C2=CC(C=CC)C=C2)(c2noc(-c3cncc(C=CC)c3)n2)NC1=N,-12.585,0.711598,4.950438,-12.585
CC1=CC(C2=C(C3=CC(=N)CCC3)CC(n3nc(C4=CCNC4=O)ccc3=O)=C2)=CC1,-12.247,0.790335,4.21706,-12.247
CC1=CCC(c2cccc(C(=O)C3N=CC(=N)C=C3c3ccccc3)n2)C=C1,-12.172,0.788134,4.183801,-12.172
C=C1C=CC(Nc2cccc(C3=CCCC=C3)c2)=C(c2cccc(C3=CCCC=C3)c2)C1,-12.805,0.516017,3.459853,-12.805
N=C1NC=CC(=C2NN(c3ccc(F)cc3)N=C2C(=O)NC2(C3=CC=C(F)C3)C=CC(F)=CC2)O1,-12.364,0.52733,4.866227,-12.364
N#Cc1ccc(F)c(C(=O)c2ccc(F)c3sc(NC(=O)[C@@]45CCC(=N)[C@@H]4C5)nc23)c1,-12.002,0.589941,4.011584,-12.002
C=C1N=C(c2cccc(-c3nc(C4=CC(C5=NCC(=N)C5)=CC4)nc4cc(F)ccc34)c2)CO1,-12.354,0.586327,3.822454,-12.354
N=C1C=C(c2ccc(F)cc2)C=C1C1=CC2C=CC=CC2C(C2=CC(=O)ONN2)=C1,-13.119,0.722032,4.781686,-13.119
N#CC1=CC=CC(NC(=O)NC2(c3ccc(C#N)cc3)CCCCC2)(C2=CC(C(F)(F)F)=CC2)C1O,-12.324,0.549988,4.528713,-12.324
O=c1cc(OC2=CC(c3ccccc3)=CC2)cc2n1C(c1ccccc1)=NNC2=C1C=CCC=C1,-12.618,0.55179,3.487613,-12.618
O=C1C=CC(=C2C=CCC=C2c2cccc(C3=CC=CC3c3cccc(C4=CC=CCC4)n3)n2)NO1,-12.842,0.578428,4.420919,-12.842
O=C1C=C(NC(=O)N2CCCC[C@H]2C2CC3=CC=CCC32)c2c(F)cc(C3C=c4ccccc4=C3)cc21,-13.236,0.668854,4.580977,-13.236
O=C1COC2C(c3cc(-c4nc(C5C=C6C=CCC(=O)C6=C5)no4)cc(F)n3)=CC=CC2O1,-11.995,0.524636,4.971845,-11.995
OC1=CC=C([C@H]2C3CCC3ONN2Oc2cccc(-c3ccc(F)cn3)c2)C(F)C1,-12.38,0.783662,4.741869,-12.38
C=C1C=CC(c2ccccc2)=CC1C1C=CC=C(NC2c3cccc(OC4=CCC=CO4)c32)N1,-11.969,0.56874,4.869864,-11.969
Cc1cc(F)cc2c1C(=N)CC(C1(Oc3nc(N4CC(=O)C5=CC=C(F)CC54)no3)CC=CC1)=C2,-12.477,0.638793,4.877519,-12.477
N=C1C=C(C2=CC[C@H](C3CC3=O)C(c3ccccc3Br)=N2)C=C1C1=C(F)C(=N)C=C1,-12.559,0.615273,4.591599,-12.559
C=C1C=C(C2=CC(C3CCCC3)NC(c3cc(N4CC(=O)C=C4F)cc4cccnc34)=C2)CC1,-12.987,0.564984,4.308999,-12.987
Cc1cc(-c2cccc(C3CCC(=O)CC3)c2)nn(-c2cccc(C3CCC(=O)CC3)c2)c1=O,-12.352,0.50995,2.793493,-12.352
Cc1oc(C2=CC=CCC2)nc1C1=C[C@H](C(C)(C)C2=CCCCC2)NN2C1=NNC2C,-12.411,0.666591,4.920811,-12.411
Fc1cccc(N2N=C(C3=NN(c4ccccc4)c4ncccc4N3)CC3=NC=CC32)c1,-12.149,0.663056,3.815725,-12.149
C[C@@H]1O[C@H](C)C(C2C=CC=CC2)=C1Oc1cc(-c2ccccc2)cc2nc(=O)ccn12,-12.106,0.609484,4.338788,-12.106
C#CC1=CC(=O)C(=O)C1C1=CCCC=C1n1nc(C2=CC3CC=CC=C3N2)c2cnccc21,-12.248,0.590932,4.940882,-12.248
O=C(c1ccc2cccc3c2c1CN=C3C1CC=c2cccc3c2=C1N=C3C1=CCC=C1)N1CCC(NF)C1,-12.069,0.532719,4.671594,-12.069
N=C1C=C(c2cccc(NC3C=CC=CC3c3cccc(C4=CC(=O)CC=C4)c3)c2)C=CC1,-12.601,0.557713,4.310374,-12.601
N=C1CC=C[C@@](CNC(=O)c2cc(C3C=CC(F)=C3)on2)(Cc2ccccc2)C1Cl,-12.665,0.518468,4.63255,-12.665
N=C1C=CC2=C(C3=CC=C(c4ccc(F)cc4Cl)C3)CN(C3=C4COC(=N)N=C4N(c4cccnc4)N3)C2=N1,-12.688,0.519997,4.300644,-12.688
N=c1ccc(C(=O)N[C@]2(c3cccc(F)c3F)C=CC=CC2)cn1-c1ccc(F)cc1,-12.402,0.639733,3.566583,-12.402
O=C1CC(C2=C(c3ccc(Oc4cccc(=O)[nH]4)c(CC4=CC=C(F)CC4F)c3)CC=C2)=CC=C1O,-12.346,0.502264,4.454958,-12.346
FC1=CC=C(c2cc(-c3cccc(C4C=CC=C(C5=CCOC(F)=C5)C4)c3)ccc2F)NC1,-12.154,0.545661,4.186575,-12.154
FC1=CC(=C2C=CC=CC2)N=C(C2=NC(c3ccccn3)=CC2=C2CC2=C2C=CC=CC2)N1,-12.502,0.585284,4.350399,-12.502
CC=C(c1ccccc1)c1cc2n(n1)NC(C1=CC(C=C=N)=CC1=O)C(c1ccccc1F)=N2,-12.472,0.551142,4.415378,-12.472
CC1=CC(C2=CC(c3cccc(-c4c(F)ccc5c4=NC(=C4C=CC(=O)NC4)C=5)n3)CC3=CCCC=C32)=CC1,-13.004,0.582871,4.740839,-13.004
CC1C=C(C2=CC(C3=NNCC=C3)=CCC2)C=C(c2cc(-c3ccc(F)cc3F)nc(N3CCNCC3)n2)C1,-12.226,0.550575,4.342184,-12.226
O=C1CC2=C(c3ccccc3)NN(C3=CC4CCN=C4N(c4cccc(-c5ccccc5)c4)N3)C2=NC12CC2,-12.702,0.510626,4.52594,-12.702
CN1CC(CN2CCCc3ccccc32)CC2=C1c1ccccc1C(=O)C2=C1C=C2OCOC2=C1,-12.578,0.580064,3.831466,-12.578
O=C1C2=CCCC=C2CCN1C=CNC(=O)[C@]1([C@H]2Cc3ccccc3O2)Cc2ccccc2C2=CCCC=C21,-12.665,0.55866,4.615703,-12.665
c1ccc2c(c1)OC1=c3cnoc3=NCC1=C2N1CN(C2c3ccccc3OC3CCCC32)OO1,-12.418,0.529237,4.987369,-12.418
CC1C=C2CC(c3nn(-c4cc5c(cc4F)C5F)c4ccccc4c3=O)=CC=C2C1,-12.458,0.563134,4.280083,-12.458
O=S1(=O)C=C(c2ccccc2)NC(C2=CC(C3C=C(C4=NS(=O)(=O)C=C(c5ccccc5)N4)CCC3)C=C2)=N1,-12.133,0.558791,4.66314,-12.133
CC1=C2C(=CC1)CC(=Cc1ccccc1F)NC2=CC(=O)C1C=Cc2cc(C)ccc21,-12.123,0.596231,4.096509,-12.123
N=C1CC=C(Oc2ncccc2C2=NCN=C(c3ccc(C4=CCNN4)nc3F)N2)CC1,-12.157,0.538423,4.257744,-12.157
O=C(O)C1=CC(C2C=C(c3cccc(C4C=CC=CC4)c3)C=C2C2C=C(O)C=CC2)CC=C1,-12.075,0.531723,4.905029,-12.075
N=C1C=CCC(C2CC(C3(c4nc(-c5ccc(F)cc5)n[nH]4)C=CC=CC3)=CCC2F)=C1,-12.787,0.589263,4.87175,-12.787
Cc1cc(C2=NC(C3N=NC(=O)c4ccccc43)=NNO2)nc(C2N=NC(=O)c3ccccc32)n1,-12.376,0.624635,4.567674,-12.376
C=C1CCC=C(Cc2cccc(-c3cccc(CN4N=CC(C5=CC=CC(F)C5)=CN4)c3)c2)C1=N,-12.07,0.505597,4.32783,-12.07
N=C1C=C(F)C=C1C1=NC(c2cc(-c3ccccc3)cc(C3=CC=CC3=N)c2F)CC2NCCCN12,-12.893,0.520702,4.597714,-12.893
Nc1cc(-c2ccc(F)cc2)nnc1S(=O)(=O)C1=CCCC2=C1CC(F)CC2=C1CCNCC1,-12.283,0.669194,4.116093,-12.283
CC1=CCC=C(c2cccc(-c3cc(N4CC(=N)OC4=O)nc4c5c(nn34)CC(F)C=N5)c2)O1,-12.274,0.618013,4.675845,-12.274
C1=CCCC(C2C=C(c3nc(C4=CCC5CCC5=C4)n(-c4ccccc4)n3)C=C3CCC32)=C1,-13.006,0.520827,4.563928,-13.006
Cc1cccc(C(=O)N2N(C(=O)c3ccc4ccccc4c3)N3CC4CCC=NC432)c1C,-11.922,0.615161,4.381754,-11.922
C1=CNC(=c2ccccc2=CC2=C(C3CC=CC4=NNCC43)C=C(c3ccccc3)C2)C=C1,-12.642,0.767921,4.617746,-12.642
O=C(N[C@@]12CCC[C@@H]1c1ccccc1CC2)C1Cc2ccc(Br)cc2C1,-12.116,0.747355,3.689285,-12.116
C1=CC(C2=CN(C3=NC(C=C4C=CCC=C4)Nc4cc(C5C=CC=C5)ccc43)CCN2)C=C1,-11.995,0.67859,4.878323,-11.995
CC1=CC[C@H](Oc2cc(C)cc(C3=CC=CCC3)c2)[C@@H](c2cccc(C3CCCCC3)c2)N1,-12.576,0.507192,3.872829,-12.576
O=C1CCN2c3c1cccc3N(F)C2C1Oc2cc(O)ccc2CC1C1c2ccccc21,-12.182,0.605817,4.168606,-12.182
CC1=CC(=O)C=CC1=C=NC=C1C=CCC(C2=NC(c3ccccc3)=C3C=C4C=CC=C4NC3O2)=N1,-12.964,0.627773,4.910164,-12.964
C=C1C=CC(C2=CC(=Nc3cccc(-c4cccc(-c5ccc(=N)[nH]c5)c4)n3)C=C2)C=C1,-12.681,0.532964,3.86474,-12.681
C#CC1N=C(c2cccc(C=CC#Cc3ccccc3)c2)C=C(C#Cc2ccccc2)N1,-12.764,0.590585,3.828998,-12.764
Cc1ccccc1-c1noc(C2=CC(c3ccccc3)=C[C@@]3(CC=CNN3)C2)n1,-12.205,0.689432,4.146796,-12.205
N#CC1=CC(c2ccccc2)=N[C@@H]1C1=CC(C2=CC(=O)C=C3NC(=Nc4ccccc4)N=C32)CC(F)=C1,-12.419,0.601376,4.763705,-12.419
O=S1(=O)N=NC(=CC2=CC=CCC2=CC=C2CC=CCN2C2=NNS(=O)(=O)c3ccccc32)c2ccccc21,-12.169,0.532319,4.269516,-12.169
C=C=C1[C@@H](c2ccccc2)C(=O)N1c1cc(C=C2C=C(C3=CCNN=C3)C=CC2)ccc1F,-12.559,0.515586,4.393444,-12.559
N=NC(c1nc(C2C=CC(F)CC2)no1)[C@@H]1C=Cc2ccccc2C1,-12.066,0.642525,4.919772,-12.066
N=C1C=C(c2cc(C3CCC3=N)cc(C3(F)CC=CC3=N)n2)C=C(c2ccccn2)C1,-12.717,0.62699,4.933175,-12.717
FC1=CC=C(c2nc(-c3cccc(-c4ccc(F)cn4)c3)nc3c2CC=CC3)NN1,-12.554,0.507301,3.446219,-12.554
N#Cc1cccc(-c2cccc(C=C3OCC(=O)C=C3c3cccc(C#N)c3F)c2)c1,-12.458,0.594666,2.949665,-12.458
N#Cc1cccc(C2=NCCCC2c2nnc(C3C(=N)C(=O)NC3c3cccc(C#N)c3)o2)c1,-12.168,0.624008,4.344043,-12.168
FC1=CCC(c2cccc(C3=CC(c4cccc(C5=CCC=CN5)c4)C4NC=NC4=N3)c2)CC1,-12.49,0.583311,4.779004,-12.49
CNC1CCc2c(ccc3c2CC(C)C=C3C(=O)NC2CCCc3cc(C)ccc32)C1=O,-12.147,0.757799,3.981414,-12.147
C1=CC2C=CC=C(c3nc4cccc(C5=CC=CC6CCC=CC56)c4o3)C2C=C1,-12.309,0.545962,4.690786,-12.309
C=C1CON(C(=O)c2nc(=Nc3cccc(F)c3)sc3ccccc23)C(C2=CC(=N)CC=C2)=N1,-12.39,0.590655,4.001859,-12.39
C(#CC1C=CC=C1)C1=C(C#Cc2cccc(-c3cccc4c3=NC(=C3C=NNC5=C3CCC=C5)N=4)c2)CC=C1,-12.306,0.526533,4.332498,-12.306
CC1Cc2c(-c3nn(C4C=C(C#N)C=CC4)c4c3CN=CC4)nn(C3=CCCCC3)c2C1,-12.526,0.697962,4.974235,-12.526
N=C1S#CC2C=NC(=CC=C3C=C(c4ccc5n[nH]nc5c4)C=C(c4ccccc4)C3)NN12,-12.243,0.549024,4.687191,-12.243
O=C1CC(F)=CCN1c1ccccc1C1=NC=C2C(C3=CC4C(CC3)C4(F)F)=CC=CC21,-12.223,0.602764,4.959815,-12.223
Cc1ccccc1-c1cc(C2=NNOC=C2)cc(-c2cc3c(o2)=C(C#N)CC=3C2=NNOC2C)c1,-12.473,0.616,4.680299,-12.473
C#CC1C=C(C2=CC(=C=N)NC(c3cccc(C4=CC=CC4=N)c3)=C2)C=CC1,-12.585,0.525634,4.817647,-12.585
C=C1C=CC=CC1C1=NNOC(c2cc(-c3ccccc3)cc(-c3ccc(F)c(F)n3)c2)=N1,-12.586,0.538517,3.951389,-12.586
C=C1CC2=C3N=CC=CN3C=CC2C=C1c1cccc(C2=NON=C(c3cc4ccccc4[nH]3)N2)c1,-11.742,0.537415,4.604004,-11.742
O=C1C=CC(=C2C=CC=C2C(C2=CC=CC(=C=C=C3C=NC(=O)C(F)=C3)C2)=c2ccc(=C3C=CC(=O)N3)cc2)C=N1,-12.103,0.585796,4.889935,-12.103
C=C1C=CC2C=C(CC(=O)NC(=O)c3cc4cccc(C5=CCCC=C5)c4cc3C)C(C)=C2C1=O,-12.14,0.560107,4.014063,-12.14
Cc1c(C#N)cccc1-c1nc(C2=CC=CC3(C=CC(F)C=N3)C2)ccc1F,-12.09,0.685477,4.902089,-12.09
C#CC1Cc2ccccc2C(C2=c3cc(C4=CCCC(C5=CCC=CC5)=C4)ccc3=NC2=O)N1,-12.257,0.56996,4.586307,-12.257
O=C1C=CC=CC1=C1C=C(CC2=CC(=C3C=CC=CC3=O)ON=N2)C=C(C2C=c3ccccc3=N2)N1,-13.502,0.682385,4.73414,-13.502
N=C1C(=O)CN(C2=CC(c3ccccc3)=NC(=C3C=CC(=O)C(O)=C3)N2)C=C1C1=CC(c2ccccc2)=CC1,-13.055,0.539652,3.792947,-13.055
O=C1C(c2ccccc2)=NNCC1C1=NN(C2C=CCC=C2c2ccccn2)OC(c2ccccn2)=C1,-12.439,0.545592,4.482994,-12.439
O=C1C=C(N2C(=O)C3=CC(Cc4ccc(F)cc4)C(F)=CC3N=C2c2ccc(F)cc2)NC1=O,-12.229,0.708229,4.224885,-12.229
C#CC1=CCc2cc(C#C)ccc2[C@H]1NC1=CCCc2cc(CC)c3c(c21)CNC(C)=C3,-11.866,0.652345,4.549179,-11.866
C=C1C=CC(C2C=C(c3nc(C4=CC(=C5CC5)C(=O)C=C4)ncc3C)C=CC2)C=C1C,-12.243,0.574346,4.655931,-12.243
Fc1ccc(-c2cc(N3COC4C=CC5C=CC=CC5C4=N3)cc3c2OC3F)c(F)c1,-11.874,0.604784,4.974162,-11.874
OC1C=C(C2=CC=C(C3=C(C4=CC(F)=CC(c5ccccc5)N4)C=CC3)C2)C=CC1,-11.896,0.670089,4.57897,-11.896
C=C1CC=C(N2NC(n3c(=O)c(C4=CC=CC4)nc4ccccc43)Nc3ccccc32)C1,-12.551,0.591244,4.140532,-12.551
FC1C=CC(c2cccc(NC3=C(c4cccc(C5=CCCC=C5)c4)CC=C3)c2)=CC1,-12.382,0.531307,3.808164,-12.382
O=C1C=C(C2C=CC=C2C2=CC(c3cccc(C4NNCC(c5ccccc5)C4=O)c3)=CC2=O)CCC1,-12.056,0.628034,4.53243,-12.056
O=C1C(=O)[C@@H](C2=CC=CC2c2ccc(F)cc2)Oc2cc(-c3ccccn3)ccc21,-12.211,0.602403,3.538681,-12.211
CC1=CC(C)C(C)=C1Cc1noc(-c2cc(C3=C(C)CNN3)nc(-c3ccccc3)c2)n1,-12.638,0.592841,3.868958,-12.638
Cc1ccc2c(c1)C=CCC2C(=O)NC1=CC(=C2C=CC(=O)C=C2)C=C(C(=O)n2cccc2O)N1,-12.329,0.640696,4.269774,-12.329
O=C1C=CC(c2cccc(-c3cccc(C4C=CCCC4C4C=CC(=O)C(O)=C4)c3)c2)CN1,-12.746,0.632185,4.439448,-12.746
C1=CCC(c2cccc(C3=C(C4=CC=C(c5ccc(C6=NC=CON6)cc5)C4)CC=C3)c2)=C1,-12.303,0.561322,3.733304,-12.303
N=C1C=c2cccc(C3=NOC(CC4=CCC(C(F)(F)F)C=C4)C3=C3C=CC(=O)C=C3)c2=N1,-12.157,0.765505,4.881273,-12.157
C=C1CC=C(c2cccc(C3C[C@H](C(=O)C4=CCC(=O)N=N4)Nc4ccccc43)c2)C2=C1NC(=O)CC2,-11.844,0.603749,4.510429,-11.844
C1=CCC(=CC(=CNC2=N[C@@H](c3ccccc3)c3cccn3N2)c2ccccc2)C=C1,-11.853,0.597377,3.971712,-11.853
C1=CCC2C(=C1)N(c1ccccc1C1C=CC=C1)N=C2Nc1ccccc1C1C=CC=CC1,-12.521,0.55633,4.348245,-12.521
N=C1C=C(c2cccc(C3=C(C4=CC(F)OC=C4)CC=CC3)c2)C=C1C1C=CC=CC1=O,-12.628,0.585451,4.878195,-12.628
CC=C1C(C)=CCCC1c1cc(-c2cc(C)cc(O)c2)cc2c1C1CCO[C@H]1O2,-12.917,0.650425,4.332165,-12.917
N=C1CC2C1=CCC2c1cc(C2=CC=NC2=N)cc(-c2cccc(C3=CC=CCC3)c2)n1,-12.708,0.59615,4.515114,-12.708
Fc1ccc(OC2=CC=CC2=C2C=C(c3ccccc3)C=CC2)c2c#cc#cc12,-13.686,0.51881,4.204764,-13.686
C=C1C=c2c(c3c(n2C(=O)NC(=O)n2cc(C(=O)N4CC(=C5C=CC(=C)C5)C5=C4CC=C5)c4c2C(=O)C=C4)C=CCC3)=NC1,-12.238,0.546691,4.92634,-12.238
N#Cc1ccc2c(c1)CCCN2n1nc(-n2nc(C3=CCC(=O)C3)c3c2CC=NC3)c2c1C(F)C(=O)NC2,-13.237,0.578403,4.777212,-13.237
C=C1C=CC(c2noc(C3=NC(c4cccc(-c5cccc(C#N)c5)c4)C=NO3)n2)=CC1,-12.474,0.592008,4.108332,-12.474
C=C1C=CC=CN1c1ccc(OC2=NCN=C(C3=CC(=C4C=CC=CC4=O)NC(c4c#cccc4)=C3)O2)cc1C,-12.835,0.524253,4.662686,-12.835
C=C1ONOc2nc(-c3ccc(F)c(C)c3)nc(N3C=CC=C4C(=C=C=CF)N(C)CC=C43)c21,-12.277,0.658866,4.508294,-12.277
N=C1C=C(C2=CC(SC3C=C(C4=CC(O)C(=O)CC4)c4ccccc4C3)Cc3ccccc32)CCC1,-12.345,0.509937,4.866256,-12.345
C=c1ccccc1=c1ccccc1=CC=c1ccccc1=C1C=CCC1=C1C=CC=CC1=O,-12.871,0.544101,3.712033,-12.871
N#Cc1ccc2c(c1)N(c1ccc(-c3ccc4c(c3)NC=CC4)c3c1=CC1CCC(C#N)CC=31)CC2,-12.966,0.557775,4.4443,-12.966
N#Cc1cc(C2=CC=CC2C#N)c(F)c(-c2cc(C3=CCCC=C3F)nc(C3C=CC(=N)C3)n2)c1,-13.184,0.571922,4.951869,-13.184
N=C1C=CC=C1C1=CC=CC(C2=CC(c3cccc(C4=CC=CC4=N)c3)=CC2=N)C1,-12.438,0.565152,4.554967,-12.438
N#Cc1cc(=Cc2ccccc2)c(CC=C2NNC(=O)C2(F)F)cc1=C1NNC(=O)C1(F)F,-12.605,0.501644,4.228657,-12.605
CC1C=CC(Cc2nnc3n(C4CCCCC4)c(=O)c(C(=O)N4C=C5OCCOC5=NO4)c(F)n23)=CC1C,-11.728,0.563402,4.834076,-11.728
O=C1CC[C@H](c2cccc(-c3cccc(-c4cccc([C@H]5C=CC(=O)C5=O)c4)c3)c2)NN1,-12.472,0.616072,3.601672,-12.472
CC(F)(C(=O)Nc1cccc(C(C)(C#N)C2=CC=C3C=NC(=N)C32)c1)c1ccc2c(c1)CC2,-12.002,0.692861,4.598507,-12.002
N=C1CCC2=C(N3C=CCCC3)CC(Nc3cc(C(F)(F)F)nc(C4=CC=NCC4=N)n3)N2C1=O,-12.226,0.603173,4.890995,-12.226
Fc1ccc2c(c1)CC(C=C(C=C1C=CCC=C1)C1N=C(C3=CCc4ccc(F)cc4C3)ONO1)=C2,-12.572,0.565241,4.695213,-12.572
C=C1C=C2C=CC=C(c3nc(-c4cc(C5=CC=CC6=CCNCN65)cc(C5C=CC=C5)c4)ccc3F)N2CN1,-13.018,0.531024,4.35877,-13.018
C=C1C=C(N2CC=CC(c3cc(C4=NN(C5=CC=CCC5)CC=C4)cc(-c4cncnc4)n3)=N2)C=N1,-11.989,0.644019,4.376591,-11.989
O=C(C=c1cc2ccccc2c2c1=C(F)C(=O)C2)C1=c2ccccc2=C2C1=C(F)C(=O)C2F,-12.731,0.605515,4.272476,-12.731
CN=C1C=CCC([C@H]2CC=CN(c3nc(-c4nc(-c5ccccn5)nc5c4CCO5)nc4c3CC=N4)C2)C1,-12.191,0.513024,4.879161,-12.191
CC=C1C=C(C2C=C(c3cccc(-c4cccc(C5=CC(=N)CC5)c4)c3)C=CC2)CCC1,-12.308,0.51498,3.936082,-12.308
CC1=CC=C([C@@H]2C3=CC=CC3CCN2Oc2n[nH]c(-c3ccc(C)cc3)n2)C1=C1N=CN=CN1,-12.516,0.732846,4.815166,-12.516
FC1=c2c(NC=C3C=CC=CC3)ncnc2=NC1=c1cc(C=C2C=CC=CC2)ccc1=C1C=CN=NN1,-12.721,0.695776,4.570705,-12.721
N#CC1C=C(c2cccc(C3=NOOC(c4cccc(C5=CCC(F)(F)CC5)c4)=N3)c2)CC1F,-12.332,0.505451,4.654611,-12.332
N#CC1=CC(=C(F)c2ccc(F)c(C3=CCC(=N)C(c4ccc(F)cn4)=C3)c2)CC=C1,-12.034,0.635768,3.873866,-12.034
C1=CCC2C(=C1)C1=CCCCC1C2C1CN(C2c3ccccc3-c3ccccc32)CCO1,-12.834,0.56284,4.215995,-12.834
C#Cc1cc(F)ccc1C1=C2C(C)=CC(c3ccc(C#N)cc3)=NN2[SH](=O)(O)C(C)=C1,-12.352,0.547376,3.995414,-12.352
N=C1CC2=C(c3ccc4cc(F)ccc4c3)NN(c3cc4c(cc3Cl)CC=C4)C2=N1,-12.184,0.563326,3.380698,-12.184
N#Cc1ccc(-c2ccc([C@]3(c4cccc5ccccc45)C=CC(=N)C3)nc2)nn1,-12.558,0.545438,3.570577,-12.558
N=C1CC2CCC(C3=NC(c4cccc5c(F)cccc45)=CC(=C4C=CC=CC4=O)N3)C(F)=C2O1,-12.258,0.540014,4.47988,-12.258
Cc1ccc(Cc2cccc(F)c2)c(O[C@H]2[C@@H]3C(=O)C[C@@H](C3=O)[C@@H]2c2ccccc2)c1C,-12.297,0.514561,4.470531,-12.297
Cc1cccc([C@@H](C)c2ccc(C3C[C@@H]4CCC(F)C[C@H]4N3)cc2-c2nnnnn2)c1,-13.672,0.67962,4.559059,-13.672
N=C1C=CC2=C1CCc1c(C3=NC4=CCC=C4C4(C=CCC=C4)O3)cc(-c3cccnc3)nc12,-13.083,0.608551,4.642604,-13.083
O=C1C(C2C=CC=C2c2nc(=O)c3c(-c4cccc(F)c4)cccc3[nH]2)=CC=C(F)C1(F)F,-12.46,0.551432,3.85611,-12.46
N=C1C=C(C=CC2=CC3C=CC=C3C2=C2C=CC=C2)C(c2ccccc2)C1=C1C=CC=C1,-12.363,0.546469,4.725376,-12.363
Cc1ccc2c(c1)CC[C@@H]2C1=NC(c2cccc(C3=CC=C(F)CC3)c2)=NNO1,-12.768,0.771563,3.885918,-12.768
CC1=NC2=C(CC=C(c3cccc(Cc4ccc(-c5cccc(C6C#CC6)c5)nn4)c3)C2)CN1,-13.255,0.517509,4.245368,-13.255
N=C1CC(c2nc(-c3cccc4nnc(F)nc34)no2)(C2CC=CC(F)=C2F)CCO1,-12.088,0.672042,4.715286,-12.088
C=C1CCc2cc3cc(C)ccc3cc2N1C1=CC2=CCN(C3=NC(=N)CC(=CC=C(C)C#N)N3)C2=C1,-12.29,0.50367,4.38126,-12.29
N#CC1=CC=C(F)C(C2=NCCC(C=CC3=CC(=N)C=C3C3=COCc4ccccc43)=N2)O1,-11.886,0.724663,4.955841,-11.886
Cc1c(F)c(CC2c3ccccc32)cc2c1C(C)(C)C1=CC=CCC1C2=O,-12.546,0.663084,3.828804,-12.546
C#Cc1cccc(C[C@H]2C=C(C#C[C@@H]3C(=O)C=C(O)CN3C(=O)NC(=O)c3ccccc3F)C=CC2)c1,-12.364,0.629452,4.404551,-12.364
C=C1C=C[C@H]2C(=C1)C(C1=CC(c3ccccc3)[C@H]3C(=O)C(=O)C=C13)=NC1=C2C=CCC1,-13.064,0.642727,4.898571,-13.064
C[C@@H](c1ccccc1)c1nc(C2=NC3(c4ccccc4)C=CC=C(N)N3C2)nn(C2=CC[C@@H](F)C=C2)c1=O,-12.189,0.558773,4.750952,-12.189
Cc1ccc(-n2c(=NC3C=CC(Cl)=C3)cc(C3=CC=CC(c4cccc(Cl)c4)N3)n2F)nc1,-12.017,0.530884,4.585773,-12.017
O=Cc1ccccc1C1=C(C2N=C(F)ONN2)C=C(c2nc(-c3ccccc3F)no2)C1,-12.526,0.590467,4.058936,-12.526
N=C1C=CC(C2C=COC(c3nc(C4=CCC(F)C=C4)c(-c4ccccn4)o3)=C2)C=C1,-12.57,0.699826,4.778601,-12.57
C=C1OC(=CC)C(C)C1Nc1cc(C2=CCCC=C2)nc([C@H]2C=C(c3ccccc3)CCC2=O)n1,-12.278,0.538601,4.763967,-12.278
O=C1C=NC=CC1=C1NN(COc2ccc(O)cc2)C2=C1C=C1C(=CC=C1Oc1ccc(F)cc1F)C2,-11.653,0.578943,3.75008,-11.653
Nc1c(C=C2CC2)nc2c(c1-c1cc3c(c(C=C4CC4)n1)CCCC3)CCCC2C=C1CC1,-12.478,0.52116,4.362635,-12.478
N=C1C=c2cc(C(=O)C3=NC4=CC=CCC4c4ccccc43)c3ccccc3c2=CC1=O,-12.914,0.650995,4.045127,-12.914
C=C1C=C(NC2=C(C3=CCCc4ccccc43)C=C(N)C2=O)C=C(c2ccccc2)C1=O,-12.91,0.722594,3.443414,-12.91
CC1C#CC=C(c2cc(-c3cc(C4=CC=CCN4)nn3C3CCCCO3)c3oncc3c2)C1,-12.472,0.558896,4.976269,-12.472
C1=CC(c2coc3ccccc23)(C2NN=C(c3noc4c3C=CCC4)NO2)C=CC1,-12.61,0.647938,4.669188,-12.61
N=C1CC(C2=CN3C(=O)C4CC=CC=C4[C@H]3C2)CN(C2c3ccccc3-c3ccccc32)C1=O,-12.793,0.729857,4.496696,-12.793
O=C1CCCC[C@H]1[C@H]1CCCNN1c1nc(C2C=CC(F)=CC2)nc2c(OC3CCNCC3)cccc12,-12.169,0.598991,4.422357,-12.169
C=C1CC(C2=CCc3ccccc32)=NC(C2=CC(C3=CC(c4ccc(C)c(C)c4)NO3)OC(F)=C2F)=N1,-11.945,0.518348,4.846289,-11.945
C1=CCC(CNc2nc(C3=CCCCC3)nc(N3CCCC(N4CCC4)=N3)n2)(c2ccccc2)C=C1,-12.312,0.60268,4.064393,-12.312
Cc1cccc(-n2nc(C3=CC(C4=CC=CCC4=C=N)=CCC3=N)c3ccccc32)c1,-12.226,0.508688,3.64325,-12.226
N=C1C=CC(C2=CC(C(=O)C3=C(C=C4C=CC(c5ccccc5)=C4)C=CC3)=CC2=N)=C1,-12.413,0.645063,4.094925,-12.413
C=C1C=c2cccc(-c3ccc4c(c3)CC3=CC(=O)C=C3C4c3cccc4c3=CCC(C)C=4)c2=CC1,-14.128,0.541906,4.670645,-14.128
C#Cc1ccc(NC(=O)NC2(C3CC=C(F)C3)CCC(F)(F)CC2)c(F)c1,-12.097,0.553302,3.826091,-12.097
C1=CC(c2cccc(C=CC3C=CCCC3c3ccccc3)c2)=CCC1,-12.066,0.517736,3.634612,-12.066
N=C=C1CCc2cc(N=CC(=O)[C@H]3C=CC=C[C@H]3c3ccccc3)ncc2C1,-12.069,0.806204,4.488004,-12.069
C=C1CCC(C2N=C(C3=c4ccc(C#N)cc4=NC3)[C@@H](C3=c4ccc(C#N)cc4=NC3=O)C2=O)C1,-12.46,0.626829,4.905244,-12.46
N=C1C=CC=C1c1cccc(C2=CC(=O)C(=N)C(c3cccc(C4=CCCC4)c3)=C2)c1,-12.674,0.57948,3.40721,-12.674
Cc1cc(C2=NCC(=O)C(C3=CCc4cc(C#N)ccc4C3)=N2)cc(-c2nc(C(F)C#N)no2)c1,-12.133,0.575048,4.184769,-12.133
O=C1OCCCN1C1(NC2=CCC=CC2)N=C(c2ccc(F)cc2)c2cc(N3C=COCC3)ccc2O1,-11.752,0.600785,4.366942,-11.752
C1=CC(c2cc(C3=NNOC(c4cccc5ccccc45)=N3)c3ccccc3n2)=COC1,-12.519,0.510725,3.333122,-12.519
C=C1C(F)=CC=C1C1C=CCC(c2cc(C3=NC4C(=N)OC=CC4=N3)cc(-c3cccnc3)c2)=C1,-12.628,0.556213,4.920409,-12.628
Cc1cccc(C2=CC(C3=CC=CC3C3C=C(c4coc(=O)c(C)c4C)N=C4N=CNON43)CC=C2)c1,-12.345,0.635023,4.997261,-12.345
O=C1N=CC=C2C=C(NC(=O)C3(c4cccc(C5=CN6N=CNC6CO5)c4)CCCCC3)C=CC12,-12.345,0.706647,4.798638,-12.345
NC1CNCC2=C1c1ccccc1[C@H]2OC1=C(Cl)C(=O)N=C2CC(C(F)(F)Cl)=CC=C21,-12.271,0.664581,4.813989,-12.271
Cc1ccc2c(c1)C1=C(C2=O)[C@H](Oc2cc([C@@H]3CC(=O)NC4=C3Cc3ccccc34)ccc2C)CC(=O)N1,-12.693,0.54154,3.8991,-12.693
Cc1c(F)cc(CCNC2=NCc3ccccc3O2)cc1-c1cncc2c1CN(C1=NCC3=CCC=C3O1)C2,-11.899,0.511637,3.982075,-11.899
N=C=C1C=CC(C2=CC(c3cc(C4=CC=C(C5=NC(=O)C=C5)C4)nc(-n4ccnc4O)n3)=CC2)=N1,-12.39,0.661538,4.589721,-12.39
CC1=NC2=NC(=O)c3cc(Oc4cccc(C5CC=CC6C=CCC=C65)n4)ccc3C2=C1,-12.225,0.588112,4.500443,-12.225
Oc1cccc(-c2cc(-c3cc(O)cc4c3=NCCC=4)cc3c2=NCCC=3)c1,-12.255,0.727051,3.622742,-12.255
N=C1C=C(C2=C(c3cccc(-c4cccc(C5C=CC=CC5)c4)c3)C=C(F)C2)C=CC1,-12.819,0.535011,4.006121,-12.819
N=C1N[C@](C=C2C=CC=CC2)(C2=C(F)C=CC(Oc3ccccc3)C2)NC2=C1C=CCC2,-12.279,0.592148,4.868649,-12.279
O=C1C=C(C2=CC(=O)C(C(F)(F)c3ccc4c(c3)OCN=N4)=C2)C=C(c2[nH]ncc2Cl)C1=O,-12.048,0.533649,4.177795,-12.048
C#CC1=CC(Oc2cccc(-c3ccccc3)c2)C2(C=CC=CC2)C1,-12.032,0.670984,4.274406,-12.032
N#Cc1ccc2c(c1)CCCN2C(=O)NC1=NN(c2ccc(F)cn2)N=C(NC(=O)C2(C#N)CCCCC2=O)C1,-12.087,0.551323,4.226334,-12.087
C#CC1CC(F)=C(C2CCC(F)C=C2c2noc(-c3ccc4cn[nH]c4c3)n2)C1,-12.236,0.636365,4.688318,-12.236
CC1=CC2=NONOC2C(C2=NN(C3C=C(C)C(C)=CC3)c3ccc(F)cc3C2)=C1,-12.294,0.796272,4.901633,-12.294
O=C(Nc1cc2ccccc2nn1)NC1(Cc2ccc(F)c(Cl)c2)CC(F)(F)C1(F)F,-12.305,0.530269,3.631192,-12.305
CC1C(=O)[C@H](c2cccc(N3CC(=N)Cc4cc(SC#N)ccc43)c2)C2C=C(C#N)C=C12,-12.479,0.521827,4.72543,-12.479
NC1CC=C(C=C2C=C(c3cccc(Cc4cccc(C5=CC=CCC5)c4)c3)C=NN2)C=N1,-12.464,0.650353,4.271453,-12.464
FC1=CC=C(c2ccc(NC3c4ccccc4CCC3C3=NC(F)NO3)nc2)NN1,-12.196,0.579658,4.713569,-12.196
C=C1CCN(C2=CC(N3CCCc4cc(C)ccc43)=N[C@@](C)(c3cc4cc(=C)c(=C)cc4cn3)N2)C(=N)C1,-12.354,0.507986,4.589967,-12.354
Cc1ccc(-c2cccc(C(=O)c3ncc(C4=CCN5N=C(N)NC5=N4)cc3C#N)c2Cl)nc1C#N,-11.873,0.525,3.791779,-11.873
FC1=CCC(C2C=CC=C(c3cccc(C4N=C(N5CCOCC5)C(F)=CC4F)c3)C2)N=C1,-11.761,0.621335,4.888675,-11.761
C#CC1CC(C2(NC(=O)c3nn(-c4ccccc4)c(=O)c4ncccc34)C=C(F)C=CC2)CC=C1F,-12.904,0.550509,4.61143,-12.904
Fc1ccc(OC2=CCCC=C2c2ccnc(C3=CCC4CNC4=C3)c2)nc1C1=CCC2C=NNC2=C1,-12.537,0.576208,4.980792,-12.537
C=c1cccc(-c2cccc(C3=CCC=C3C3=CC=C(C4=CC=CNC4)C3=O)c2)c1=CC=C1C=CC(=O)C=C1O,-12.25,0.564682,4.130346,-12.25
C1=CCC2=NC(C=C3NNC4CNCC4N3c3cccc4ccccc34)=CC2=C1,-12.424,0.748064,4.45999,-12.424
C#CC1=CC=C(c2nc(-c3cc(C=C)cc(C4=CC(=C)C=CC4)n3)nn2C#C)C1,-12.131,0.730782,4.443611,-12.131
CC1=CC=C(C2C=C(Cl)C=CC2NC2=CCC(=O)C(c3ccccc3)=C2)C(C)C1,-12.126,0.656954,4.492224,-12.126
C=C1C=C(C2CC(=N)C=C2c2cc(-c3ccccc3)c3c(n2)=CC(c2ccccc2)C=3)C=CC1,-12.653,0.535073,4.512088,-12.653
O=C(NC1=CC2C=CCC2=C1)c1cccc(-c2cccc(C3=CC=C4NCCC4C3)c2)c1,-12.394,0.619631,4.102092,-12.394
C#CC1=Cc2c(n[nH]c2C)O[C@]1(C#COC#Cc1cccc(F)c1)c1ccccc1,-12.308,0.631113,4.282351,-12.308
CC1=CC2=NC=N[C@@H](c3cc(C)cc(C4=CC5=NC(=O)N[C@@H](c6cccc(C)c6C)N5N4)c3)[C@@H]2C=C1F,-13.174,0.587338,4.948548,-13.174
N=C1C=CC(F)(c2nc(N3CCNC(=O)C3)c3ccc(C(=O)N4CC(=O)c5ccccc54)cc3n2)CC1=O,-12.586,0.548609,3.972635,-12.586
FC1=CC=C(c2cc(C3=NC(C4C=CC=CC4)c4cccc3c4)ccc2F)NN1,-12.506,0.718339,4.937639,-12.506
CC=C1CC2=C(C1)C(C1CC(=O)C(=N)C1Oc1nn(-c3ccccc3)c(=O)c(=N)o1)=CC2,-12.924,0.722207,4.786307,-12.924
CC1C(=O)N(C)CC2N=C(C3=C(N)ON=C(C4=CCc5ccccc54)C3)c3ccc(-c4cccnc4)cc3C21,-12.104,0.54738,4.564775,-12.104
N=C1C=CC(c2cccc(C3=CCC(O)CC3=Cc3cccc(C4C=CC=CC4)c3)c2)=CC1,-13.06,0.525114,4.283087,-13.06
C/C(C=C(C=C1C=CC=CC1)C1=NON(C2C=c3ccccc3=CC2)N1)=C1/N=c2cccnc2=N1,-12.248,0.75795,4.952125,-12.248
Cc1ccc(F)c(C2=CSCC2c2noc([C@H]3CCC4C=C(F)C=C4N3)n2)c1C,-12.511,0.721222,4.739346,-12.511
CC1=CCCC([C@H]2C(F)C(=O)CC[C@H]2CNC(=O)c2cc(F)c3oc(=O)[nH]c3c2)=C1,-12.009,0.796831,4.370105,-12.009
O=C1CCc2c(nc3c(c2-c2ccccc2NCc2c4c(nc5c2=CCCC=5)C=CCC4)=CCCC=3)C1,-12.082,0.614925,4.015915,-12.082
Cc1cc2c(cc1C1CC(c3cc4c(cc3C)CC=C4)[C@@H]3CCOC3C1C)C=CC2,-11.992,0.545124,4.684003,-11.992
Cc1ccc(-c2cccc([C@]3(c4nc(C5=CCC(=CF)C=C5)no4)CNC(=O)N=N3)c2)cc1,-12.103,0.565283,4.144318,-12.103
C=C1C(C)CCC2C(NC(=O)c3ccccc3)=NC(NC3=CCON3[C@H]3C=CCc4ccccc43)=CC12,-12.764,0.559616,4.883682,-12.764
N=C1C=C2C(=C1)[C@H](C(=O)N1CN1[C@@H]1Oc3ccccc3C3=CCC=C31)Cc1ccccc12,-12.81,0.736615,4.824436,-12.81
O=C1C2=C(CCNC2)Cc2c1nc(C1(CC3=CC=CC3F)C=CC3=CCCC=C3O1)nc2-c1ccc(F)cc1,-13.057,0.539019,4.98586,-13.057
N=C1C=CC=C1c1nc(-c2nc(S(=O)(=O)c3ccc4c(c3)CCCC4)c(C3=CC=CC3=O)o2)no1,-11.989,0.571974,3.594169,-11.989
O=C(ON1C=Cc2ccccc2O1)C1(c2ccc3ccccc3c2)CC=CC1,-11.964,0.597486,3.20803,-11.964
Cc1ccc2c(c1)C1=CC(=N)C=CC1(OC1=CC3c4cc(C)ccc4OCC3C1=N)C2,-12.356,0.708312,4.704669,-12.356
Cc1nnc(C2=CCC=C(c3cccc(C4=NC([C@]5(C)C=Cc6ccccc65)NOO4)c3)C2)o1,-12.27,0.55071,4.540871,-12.27
Oc1cccc(C2=CCCC([C@@H]3C=CC=C3c3cccc(C4C=CC=CC4)c3)=C2)n1,-12.125,0.624434,4.308256,-12.125
N=C1C=NC(c2ccc(F)cc2)N(c2nc(-c3ccc(F)cc3)c3ccccc3n2)C1,-12.157,0.50305,3.259708,-12.157
C=C1C=CC(c2cccc(-c3cc(C4=CCCCC4)nc(C4CCCC(=N)C4)c3)n2)C1,-12.066,0.57254,4.314878,-12.066
O=C(C1=CCC=CN1N=C1C=CC=CC1)c1nn(C=C2C=CC=CC2)[nH]n(-c2ccccc2)n1F,-11.977,0.613676,4.630243,-11.977
Cc1cc([C@H](N=CC(=O)C2(C)Cc3ccccc3C2)c2ccccc2)c(O)c2c1=CCCC=2,-12.008,0.59617,3.945367,-12.008
C#Cc1ccc(C2=NOC(Cc3c(C)cc(C)cc3F)=NC2c2ccc(C#C)cc2)cc1,-12.024,0.511743,3.763025,-12.024
FC1=C[C@H](c2ccncc2)C(c2nnc(-c3[nH]c(F)cc3C=C3C=CC=CC3)o2)=C1,-12.888,0.622841,4.416101,-12.888
C#Cc1ccc(C#COc2ccc(C)cc2C2=CC=CC3=CC(=C)C=NC32C)nc1,-12.435,0.675845,4.457675,-12.435
O=C1C=c2cc(C(=O)NC3(C4Cc5ccc(F)cc5NN4)C=CC(CF)=CC3)[nH]c2=CC1,-12.469,0.586115,4.979776,-12.469
FC1=C(C2=CC3=CC=COC3=CC2)N=C(c2cccc(C3c4ccccc43)c2)CC12NCCN2,-12.285,0.582992,4.419962,-12.285
FC1C=C2CCc3cnc(C4(Nc5ncc6c(n5)C5=CC=CC5OC6)CCCC4)nc3C2=CC1,-12.186,0.702448,4.820577,-12.186
CC1=CC2=CCCCC2[C@H](C(=O)NC(=O)c2nc([C@@H]3CC(C)=CC4=CC=CC43)nc3ccccc23)C1,-12.877,0.540358,4.643294,-12.877
O=c1c(C2=CC(F)=CC2)cc(C2=CCC=CO2)nn1-c1cc2c(c(-c3n[nH][nH]3)c1)CC=C2F,-12.581,0.607652,4.245356,-12.581
O=C1C=CNNN1c1nc(-c2nc(-c3ccncc3)nc3c2=CCCC=3)nc2c1=CCCC=2,-12.756,0.56979,4.042331,-12.756
C1=CCC2C(=C1)C(OCC1c3ccccc3-c3ccccc31)=NN=C2C1C2=CC=CCC21,-13.222,0.584877,4.457414,-13.222
FC1(F)CCC(C2=NC(c3nc(-c4ccccn4)nc4c3CCCC4)=NC3C=CCCC23)C1,-12.553,0.592932,4.528197,-12.553
CC1=C(Nc2ncc3c(n2)O[C@H](C2C=CC=C2c2ccc(F)cc2)CC3=O)N=C(N2CCC(C#N)CC2)C1,-12.484,0.623954,4.520566,-12.484
Fc1ccc2c(c1)CC(=CC1=C(CC=C3CC4=CCCC=C4CO3)C3=CCCC=C3ON1)O2,-12.432,0.588578,4.414,-12.432
CC=C=C1C[C@H](c2ccccc2C)C(=O)N(c2nc3cc(F)ccc3c(=O)[nH]2)N1,-11.964,0.657231,3.786869,-11.964
O=C(NCC1(c2cccc(N3CCC4(CCS(=O)(=O)CC4=O)C3)c2)CCC(O)C1)NC(=O)c1ccccc1,-11.803,0.530568,4.491576,-11.803
N#CC1NCc2c(-c3cccc(C4=CC(=O)CC(c5cccc(C6=NNC=CN6)c5)=C4)c3)cccc21,-12.334,0.511461,4.167795,-12.334
FC1=CCC(C2CCC=C(c3nc(-c4ccc(F)cc4)nc4c3C3=CC=CCC34)C2)C=C1,-11.925,0.513191,4.461869,-11.925
OC1C=C(c2nc(-c3ccccc3Cc3ccccc3)no2)C(F)=CC1F,-11.971,0.74887,3.597224,-11.971
CC1=CC(C)[C@H](C2C(F)CC[C@H]2c2nc3c(C4CCC(F)(F)C4)cccc3[nH]2)C(C#N)=C1,-12.531,0.561982,4.98079,-12.531
C1=C[C@@](CNC2=CC=NN(c3ccccc3)C2)(C2c3ccccc32)c2ccccc2C1,-12.45,0.595949,3.869952,-12.45
C=c1c(Cc2cc(Cl)cc3c2CCCC3)nnc(-c2ccccc2)c1=CC=C(C)C#N,-12.741,0.556796,3.306076,-12.741
FC1=CC=C(c2nc(-c3cc(C4=CC=CNN4)ncc3F)cc(F)c2F)C1C1CCNCC1,-12.315,0.597369,4.280915,-12.315
FNc1cccc(-c2noc(C3(C4=CC=C(F)C5=CCNCC54)C4=CC=CCC43)n2)c1,-12.379,0.703469,4.923797,-12.379
FC1=CCC=C1C1(c2noc(-c3cc4ccccc4[nH]3)n2)C=CC2CC=CC=C21,-12.153,0.589383,4.517685,-12.153
C=C1COC(N=C2ONC(c3ccc(F)cc3)C(=N)N2Br)(c2cccc3ccccc23)O1,-13.161,0.505262,4.435892,-13.161
C=C1C(=N)N=C2C1=C(c1cncc(-c3cccc(C4C=CC=CC4=N)c3)c1)NN2C1=CC=CC1C,-12.515,0.564013,4.746481,-12.515
Cc1ccc(F)cc1[C@@H]1C(F)C(=O)COC1c1cccc(-c2cccc(NF)c2)c1,-11.925,0.546732,3.800834,-11.925
CC1=CC(c2ccccc2)NC(C2=CC(c3ccccc3)C(C3=NC4(F)COC(=O)C4=NO3)=C2)=C1,-12.568,0.517103,4.810373,-12.568
c1ccc2c(c1)OCC2C1=NON=C(C2NNON=C2C2CCOc3ccccc32)N1,-12.56,0.693807,4.828485,-12.56
N=c1c2ccccc2ccn1C1=NC(C2=CCC(C(F)(F)F)C(F)=C2)=NNC1=CC(F)(F)F,-12.58,0.561738,4.511458,-12.58
Cc1c2ncncc2nc2cc(C3=CC(N)=CC(C4C=CC=CC4)N3)cc(C3CCCCN3)c12,-12.924,0.506039,4.714543,-12.924
CC1(C)Cc2nc(-c3ccccc3)nc(N[C@H]3N=C(C4[C@@H]5CCCC[C@H]5[C@@H]5CCOC[C@@H]45)C4=C3CC(=O)C4)c21,-12.583,0.539587,4.965219,-12.583
N=C1C[C@@H](C(F)(F)F)C(=N)N(c2nnc3n2CC(c2ccc(F)c(F)c2)=C3C2C=C(F)C(F)(F)C2)C1,-12.267,0.538329,4.888872,-12.267
N=C=C1C=CC(c2cc(F)cc(-c3ccc(F)c(C4CCC4C4C#C4)c3)c2)C1=N,-12.411,0.508753,4.772539,-12.411
CC=C1c2ccccc2[C@H]1C#Cc1cc(=O)c2ccccc2[nH]1,-12.002,0.623093,3.475456,-12.002
CC1CCc2cc(-c3ccccc3F)nnc2C1S(=O)(=O)c1ccc2c(c1)C(C#N)CC(=O)C2=O,-12.158,0.507428,4.220636,-12.158
C[C@@H]1CCc2ccccc2[C@@H]1CC1=CCC2=CC(c3cccc(C#N)n3)CC=C21,-12.077,0.621187,4.353582,-12.077
O=C1[C@H](C2c3ccccc32)Oc2ccccc2N1[C@H]1CC(C2C=CSC3=C2CCC2=C3CCCC2)=NON1,-12.376,0.509561,4.867608,-12.376
C=C1C=C2CC=C(C=C3C=C([C@@H]4C=Cc5ccccc5O4)C=C([C@H]4Oc5ccccc5C4=O)N3)OC2=CC1,-12.94,0.524171,4.870218,-12.94
O=C1C=CC(=C=CC(F)(F)Cn2cc3c(c2)C(=NC=C2C=CCC(=O)N2)C=C(c2ccccc2)C3)C1,-12.38,0.603194,4.359869,-12.38
N=C1CC1C1=CC(C2=CC(c3nc(C4=CCCC(C5CC5)=C4)nc4onnc34)=CCC2)=CCC1,-12.342,0.577186,4.785518,-12.342
C=C1C=C(c2nc(C3CCCC=C3c3ccccc3)no2)C(C2C=CC(Cl)=C2)=C1,-12.815,0.579186,4.344758,-12.815
O=C1C=CC(C2=CCC=CC2=Cc2cccc(C=C3C=CCC=C3C3C=CC(=O)C=C3)c2)C=C1,-12.65,0.511033,4.104191,-12.65
N=c1ccc(C2=NC(C3=CC=CC(C(F)(F)F)C3)N=NO2)nn1Cc1cccc(-c2ccc(=O)[nH]n2)c1,-12.691,0.543604,4.618142,-12.691
O=C1NN(c2ccccc2Oc2ccc3c(n2)C2=C(CCCC2F)CO3)C(=O)[C@@]2(N=CCc3ccccc32)N1,-11.755,0.520881,4.984382,-11.755
O=C1C=CC(c2cccc(-c3cccc(C4=CCC(c5ccc(=O)[nH]c5F)=C4)c3)c2)=C1,-12.225,0.574685,3.082918,-12.225
C1=CC[C@](OC2Cc3cccc(C4=CCC=CC4)c3C2)(c2ccccc2)C=C1,-12.007,0.575742,4.140389,-12.007
C1=CC(C2=CCN3N=NNC=C23)C(C2=CC=CC2C2C=CC=C2c2cccc(-c3ccccc3)c2)=C1,-11.828,0.509725,4.778045,-11.828
O=C1C=C(c2ccccc2Oc2nnc(C3=CC=C(F)CC3C3=CC(=O)CC=C3)o2)C=CC1,-12.524,0.609322,4.279536,-12.524
CC1=CC(=CC2(c3nnc(-c4ccc(C)c(F)c4)o3)C=CC(F)=CC2)C=C1,-12.611,0.703468,4.015083,-12.611
O=C1NC=C(c2ccccc2)C2C=C(c3c[nH]c(=O)c4c3=CCCC=4)C=C12,-11.882,0.864507,4.135271,-11.882
C1=CN2N=C(NC3=CC(C4=NN5C=NNN=C5c5ccccc54)NC=C3)c3ccccc3C2=NN1,-12.884,0.5357,4.899602,-12.884
Cc1ccc(N2C=C(C3=CC(C)C(F)=C3)CN2C=C2CC(=O)N=C3C=CC=CN23)nn1,-12.442,0.748908,4.826368,-12.442
CC1=C(N=C2CC=C(O)C=C2c2ccccc2)CC(c2ccccc2)=CN1C=C1CCOCC1,-12.898,0.543835,3.719192,-12.898
Fc1cccc2c1N(Cc1ccc(C3CCCC3)cn1)CC21CCCCC1(F)F,-12.159,0.597107,3.991914,-12.159
O=C(N1CC2(CCOCC2)[C@H]2c3cc(F)ccc3[C@H]21)[C@@]1(F)Cc2cc(F)ccc2O1,-12.409,0.705764,4.765001,-12.409
CC1([C@H](C2=CCCC(F)=C2)C2=NC(c3cc(C#N)cc(C4=CC(C#N)C=C4)c3)=NC2)CCC1,-12.25,0.548534,4.949224,-12.25
C1=CCC2C(=C1)OC(COC1OC3=CC=CCC3C1c1ccccc1)=C2c1ccccc1,-12.473,0.550076,4.50881,-12.473
O=c1cc(C2=C3C(F)=CCC=C3C=C2)n2c(n1)N=C(C=C1C=CC=C1)NO2,-12.861,0.880632,4.483758,-12.861
N#CC(=CN1NC2C(=CC1=O)CC1CC=CC=C12)c1ccc(C(F)C(F)F)cc1,-12.515,0.767737,4.848039,-12.515
Fc1ccccc1C1=NNN=C2C=CC(c3cn4c(c3=C3C=CC=CC3)=NNC4c3ccccc3)C=C21,-12.691,0.589509,4.829797,-12.691
C#Cc1ccc(-c2cc(N3C(=N)C4CC4C3=O)n(C3CN3C3CCCC3C#C)n2)cc1,-12.327,0.623429,4.972348,-12.327
C=c1cc2cccc(C3=CC=CC4C=c5ccccc5=CC34)c2cc1=C=C=CC=C1C=CC(=N)C=C1,-14.773,0.528829,4.997924,-14.773
C=C1Cc2ccccc2C(=NN2c3ccccc3C2N2C(=NC3C=CN=N3)c3ccccc32)C1=N,-12.911,0.556723,4.695942,-12.911
C=C1C=C(c2ccccc2)C=C(C(=N)C2CC(=C)C=C2c2ccccc2)C1,-12.18,0.598589,3.816534,-12.18
C=C(C(=O)OC1NC(c2ccccc2)=C(c2ccccc2)O1)[C@H]1CCC2=CC=CCC21,-11.649,0.526617,4.212832,-11.649
C=C1C=CCC[C@@]1(C1=NC(C2=CCC3CC(=O)C3=C2)=NOO1)c1nc(-c2ccc3c(c2)CCC3)n[nH]1,-12.639,0.644812,4.978702,-12.639
C=C1C=C(C2C=CC=C(c3cccc(-c4cccc(C5CCC5=C)n4)n3)C2C)C=C2NC(=O)CCC12,-12.85,0.503506,4.902845,-12.85
O=C1CC(c2cncc(C3=NC4CCC(C(F)(F)F)NC4C(c4ccc(F)c(F)c4)=C3)n2)CC=N1,-12.457,0.656948,4.994411,-12.457
N=C1C=CC(C2=CCC=C2c2nc(C3=CCC=C3C3=CC(=C4CC4)C(=N)C=C3)no2)=CC1=O,-12.198,0.639183,4.375011,-12.198
NC1=CC(c2ccc3c(c2)C=CC3)(c2nc(-c3ccc4c(c3)CC4)no2)CC=C1F,-13.22,0.690115,3.927803,-13.22
O=C1NCN(N=C2N=C(C3=CC=CCC3)C=C2C2C=CCC2=Cc2cc(F)ccc2F)C1=c1ccc2c(c1)OCC=2,-12.453,0.581029,4.940364,-12.453
O=C1C=CCC1=C1C=CC=CN1Oc1nc(-c2ccccc2)nc2ccccc12,-11.921,0.614353,3.14183,-11.921
Cc1ccc(NC2=C3CCNCC3C3=C2c2cc(OC4=CC=CCC4=N)ccc2C3)cc1,-12.061,0.607806,3.922943,-12.061
CN1CN(C(=O)C2=CC=C(c3ccccc3)C2=N)C[C@H](C(C)(C)c2cccc(C3=CC(=NF)C=C3)c2)N1O,-12.283,0.592448,4.449042,-12.283
O=C1C=C(c2cc(F)ccc2-c2nc(C3=CCC(F)=CC3)no2)C2C1=CCC1CCC=C12,-12.351,0.547836,4.534823,-12.351
CC1C=CC(C2=CCCC(Nc3ccccc3-c3cccc(C=C(F)F)c3)=C2)=CC1,-12.353,0.533132,3.741583,-12.353
C1=CC(c2ccc3c(c2)-c2ncc(-c4cccc5c4CNCC5)cc2C2(CCNCC2)C3)=NON1,-12.514,0.53619,4.073508,-12.514
CC1=C(F)C=C(c2cc(NC3CC=CC4=C3C#CC4)n(-c3cccnc3)n2)CC1=O,-11.895,0.779969,4.659015,-11.895
FC1=CNC(C2=C(c3cccc(C#CC4=NNNN=N4)c3)C=CC2)=CC1=C1C=CC=CC1F,-12.706,0.588889,4.946953,-12.706
C=C1CCC(C2=CC(=N)CC(c3cncc(-c4ccccc4)c3)=C2)=C1C#N,-12.152,0.777843,3.330596,-12.152
Fc1cc(C=Cc2cccc(C3=CC=C4C=CN=CC43)n2)c(C2=CC=C3C=NN=CC32)cn1,-12.182,0.614186,4.993698,-12.182
C=C=C=C1C=C(c2cn(C3=CCC4=CC(C)CC=C43)c3ccccc23)C=C2NC(=O)OC12,-12.882,0.604932,4.990746,-12.882
Cc1cc2[nH]c(=O)ccc2cc1C1=C(C2CC2=O)C=C(C2=CC3NC(=O)C=CC3=C2)C1,-12.494,0.816768,4.484837,-12.494
CC1=Cc2cc(C)c(F)cc2C2=CC(C(=O)N3CCN4C(C)=Cc5cc(C)c(F)cc5C4C3)=NNC12,-11.973,0.619368,4.490074,-11.973
O=C1CC([C@@H]2CC(Cc3nc(-c4ccc(=O)[nH]c4)no3)CN3CCCC[C@H]23)CNN1,-11.77,0.688495,4.38132,-11.77
N=C1C=C(c2cccc(C=C3CCCCC3)n2)C=C(c2ccccc2F)C1=O,-12.082,0.709215,3.156457,-12.082
Cc1cccc(C2C=CC=C(C3=CC(C4=CC=C5C(=N)OC54)=CCC3)C2)c1,-12.422,0.725834,4.436615,-12.422
O=C1C[C@@H](C2=CC=CC2)C([C@@H]2CC(=O)[C@@H]2OC2=C3c4ccccc4C3c3c(C4=CC=CC4)cccc32)=N1,-13.607,0.508458,4.948987,-13.607
C=C1C=Cc2ccc(C3=CC(C4(c5cc6c7c(ccc(=N)n7CC6)c5)CCC=CC4=O)=NCC3)cc21,-13.01,0.517677,4.455217,-13.01
Cc1ccc(N2C=NOC=C2OC2=NN(c3ccc(F)c(Cl)c3)N(c3ccc(F)cc3)N2)nc1C,-12.266,0.546569,3.787559,-12.266
FC1=CCC=C(C2=CC=CC(C3CCCC4N=C(c5ccc(F)c(F)c5)OC43)C2)C1,-12.01,0.567509,4.73411,-12.01
ClN=C1C=C(C2=CC(c3ccccc3)C(C3C=CC=C3)=C2)C=C1c1ccccc1,-12.579,0.529964,3.929602,-12.579
C=C1C(c2cccc(C#CCc3cccc(C4C=C(F)C=NN4)c3)c2)=CC=C1C1C=C(F)CCN1,-12.179,0.555247,4.731436,-12.179
CC1(N)C=C(Nc2ccc3cc4c(cc3c2)=CCCC=4)C(NC2=CC3=CCCC=C3C2)=NO1,-12.128,0.67936,4.606582,-12.128
C=C1CCc2c1cc1c(c2C2NC3=C(N2)C(=C2C=C(F)C=CC2=O)NN2CCCC=C32)CCC1,-13.267,0.553293,4.529323,-13.267
CC=C1CCc2c1nc1ccccc1c2C(=O)NC(=O)Oc1c2c(cc3c1=CCCC=3)CCCC2,-13.099,0.594552,3.354812,-13.099
C=C1Cc2cc(C)c(-c3c(F)ccc(-c4noc(C5=CC6C(=C5)C6F)n4)c3C)cc2CN1C,-12.575,0.501526,4.375841,-12.575
FC1=CC(c2cc(C3=NC(C4=CNCC(Cl)=C4)c4ccc(F)cc43)c3c(n2)CCC=C3)=CCC1,-12.42,0.537372,4.526065,-12.42
C=C=Cc1cc(-c2nc3c([nH]2)[C@H](c2ccccc2Cl)N=C3O)c(F)cc1F,-11.91,0.609421,3.883227,-11.91
Cc1cc2c(c3c1C(=O)OC([C@H]1CC(=O)c4ccc5c(c4O1)CCC1=C5C(=O)CC1)O3)CCCC2,-12.477,0.554916,4.237484,-12.477
O=C1C=CCC(=O)C1=c1cccc2c1=CC(c1nnc(C3=Cc4cccc(=C5C=CC=CC5)c4=C3)[nH]1)C=C2,-13.793,0.595792,4.815565,-13.793
CC1=CC(c2cccc([C@@H]3CNC(=O)C3)c2)CC(C2C=C(c3cccc([C@@H]4CNC(=O)C4)c3)CC2C#N)=C1,-11.988,0.565558,4.805744,-11.988
C=C1N=CC(c2cc(-c3ccc(F)cn3)cc(-c3cc(=NF)[nH]c(N4CCCC4)n3)c2)=CC1=NF,-12.473,0.578543,3.966116,-12.473
C(#CC1=Cc2ccccc2C1)CCc1cccc2c1=CC(CC#CC1=Cc3ccccc3C1)N=2,-12.303,0.509119,4.246012,-12.303
OC1=C(C2=CC=C(C3=CC=C(F)C3)C2)C=CCC1c1cccc(C2C=CC3=CC=CC3=C2)c1,-12.207,0.510072,4.847961,-12.207
FC1=C(C2C=CC=CC2)C(=Cc2[nH]n(C3=CCC=CC3)c3nccc2-3)CC=C1N1CCC=NC1,-12.497,0.555018,4.987211,-12.497
C=C1C=CC2C(C1)CN(c1ccccc1)N2C(=O)c1cccc(C2C=CCOC2F)c1,-12.535,0.658162,4.600599,-12.535
CC1CCC(c2cccc(O)c2)=C1c1cc(C#N)cc(C(=O)c2ccc(C#N)cc2)c1,-12.171,0.564713,3.16608,-12.171
C=C1Cc2ccccc2C(CC2Cc3cc(F)ccc3C(N3Cc4ccncc4CC3=N)=N2)=N1,-12.531,0.606276,4.040512,-12.531
C=C1C(=O)C=C(Nc2ccccc2C2=CCCC(C3C=CC=CC3)=C2)N=C1c1ccccc1,-12.381,0.52985,3.966524,-12.381
N=C1C=C(c2cccc(C3=CC(C4=CCCC=C4)CC=C3)c2)NC(c2cccc3c2=CCCC=3)N1,-12.65,0.568825,4.639317,-12.65
C#CC1=COc2c(ccc(F)c2-c2ccc3c(n2)C2C(=CC=CC2F)OC3=C)O1,-12.031,0.643197,4.894411,-12.031
O=C(N[C@H]1CCc2ccccc21)c1cc([C@@H]2CC[C@@H](F)C2O)c(F)c2c1C=C(O)C2=C1C=NN=N1,-12.677,0.586902,4.81499,-12.677
CC1C=CC(C2=CC(C3C=CC=C(c4cccc(-c5ccccc5)c4)N3)C=CC2)=CC1=O,-12.168,0.581195,4.344231,-12.168
Cc1cnc(-c2nc(-c3cc(N=N)cc(-c4cccc(C)c4C#N)n3)no2)nc1,-11.673,0.5159,3.282979,-11.673
C#CC12c3ccccc3C(C3=NN(C=Cc4ccccc4)C[C@@H]31)c1ccccc12,-12.272,0.576644,4.488053,-12.272
OC1C[C@](c2ccc3c(c2)C(=CC2CCCC2)CO3)([C@@H]2CC=CCC2)C=C1F,-11.966,0.665169,4.572085,-11.966
O=C(c1ccc(-c2ccccc2)c2c1=CN(c1ccccc1)NN=2)[C@@H]1CCC2C1=CC=CC2F,-12.143,0.587851,4.331664,-12.143
C=C1C=C(c2cccc(C3=CCCC(C4=CCCCC4)=C3)n2)C=C(c2ccccc2)C1=N,-12.075,0.543481,3.506236,-12.075
C=C1CC[C@H](OC2=CC(c3cccc(O)c3)=NON2)[C@H](c2ccccc2)C1,-12.103,0.792446,4.027093,-12.103
C1=CN2NNC(c3cccc(C=C4Cc5cc6c(cc5C4)OCCC6)c3)CC2=C2CCCCC12,-12.388,0.594133,4.474192,-12.388
O=c1[nH]cc(C2=CC3=C(N4C=CC=C(F)C4)N=CNC3N2)c2ccc(F)cc12,-11.768,0.7497,4.406046,-11.768
O=C1C=C(c2cc3c(c(C4=CCC(O)=CC4)c2)OCO3)C2CC(F)CCC2=N1,-12.288,0.816824,4.676377,-12.288
NC1C#CC1c1cccc(C2=CC(c3cccc(C#CCO)c3)C(N=C3CC3)=C2Cl)c1,-12.002,0.717733,4.881408,-12.002
N=CC1=CCC(c2nnc(C3=NNN=C(c4ccccc4C4C=CC(F)=CC4)O3)o2)C=C1,-12.231,0.690304,4.878131,-12.231
N=C1C=C(C(=O)c2cc(N3CCC(F)C3)cc(C3=NC(=N)CC4=CCCC(F)=C43)n2)c2c(F)cccc2C1,-11.958,0.509935,4.568352,-11.958
O=C1C=C(Cl)[C@H]2CC(c3cc4ccccc4[nH]3)=NN2[C@@H]1C1=CCCc2ccccc21,-12.859,0.638637,3.936831,-12.859
N=c1cc(C2=C(c3ccccc3)CC(c3cccc(C=CC4C=CC=C4)c3)=N2)cco1,-12.202,0.536671,3.379995,-12.202
N#Cc1ccc2c(c1)C(c1cccc(NC(=O)C3=CC=C(C(F)(F)F)CC3)n1)=CCC2,-12.043,0.713886,3.217437,-12.043
O=C=C1C=CCC(c2cccc(-c3cccc(-c4cc(N5N=CC=NN5)ncn4)c3)c2)C1,-11.954,0.636598,4.098867,-11.954
NC1=CC(=CC2=CC(C3=NC(C4=CCCC(c5ccccc5)=C4)=NNO3)CC=C2)CC=C1c1ccnnc1,-12.144,0.558098,4.731743,-12.144
N=c1ccc(C2C=C(c3cccc(C4=CC(C5=CC=CC5)=C(C5=CNCC=C5)C4)c3)C=CC2)n[nH]1,-12.261,0.514344,4.688575,-12.261
N=C1C=CC(c2cccc(C3=CC(CC4=CC(c5ccccc5)C=C4)C=CC3=N)c2)=C1,-12.091,0.547262,4.436209,-12.091
Cc1ccc2c(c1)CN(c1cccc(C3=NC(=O)CC4=CC(F)C=C43)c1)C(=O)C21CCNCC1,-12.785,0.74223,4.461753,-12.785
N#Cc1cccc(C2N=C(c3cccc(-c4noc([C@@H]5CCC[C@@H]6CC(=N)CC[C@@H]65)n4)c3)ON2)c1,-12.402,0.53881,4.514691,-12.402
FC1=CC=C(C2=C(C3=CC(c4ccc(Cl)c(F)c4)=CCN3)N=NC2)CC1=C1N=CCN=N1,-12.029,0.602028,4.44218,-12.029
CC1C=CC=C1n1nc(-c2nn(C3=CCCCC3)c3c2CNC=C3)c2c1C=C(Br)C2=O,-12.494,0.660531,4.685567,-12.494
C1=CC(c2cccc(C3=NNCC(C4=NCc5ccccc5C4)=N3)c2)c2ccccc2C1=C1N=NN=N1,-12.736,0.501893,4.247139,-12.736
CC1=CC(C2=CC(C3CC=C(c4ccc(F)cn4)C=N3)=C([C@H]3NC(=O)c4ccccc4N3)C2)=CC1,-12.872,0.625153,4.587718,-12.872
C=CC1C=CC(C2(c3cc(-c4ccc(C#N)c(F)c4F)c[nH]3)C=CC(N)=CC2=O)=CC1,-12.335,0.707885,4.745845,-12.335
O=c1c(-c2ccc(F)cc2)coc2c(C3=NC(=NF)C=CC3N3CCOCC3)cccc12,-12.896,0.625119,3.767419,-12.896
N=C1N=C(c2cccc(C3=CC(=CF)C=N3)c2)N=C(c2cccc(-c3ccc(F)nc3)c2)C1=O,-12.513,0.568102,3.573738,-12.513
NC1C=Cc2c(Oc3cc4c(c5c3C=CC(=O)C5)C=CCC4)cc3c(c2C1)C=CCC3,-12.701,0.721891,4.381207,-12.701
C=c1ccc(C2(c3noc(C4=NC5(C=C4)CCCC5)n3)CCC(=O)CC2)cc1=C1C=CNO1,-12.243,0.786329,4.753651,-12.243
O=C(NC(=O)C1=CC=C(F)C1C(=O)c1ccccc1)C1=CC=CC(=Cc2ccccc2)N1,-11.833,0.559773,3.68102,-11.833
CCn1ccc(C2C=CC(C3=CCC(F)C(C4N=C(c5cc(-c6ccccc6)no5)ON4)=C3)=C2)cc1=O,-12.031,0.519212,4.843817,-12.031
N=C1CC(=O)NC(=Cc2cc(C3=CCCCC3)nc(C3=COS(=O)(=O)c4cc(C(F)(F)F)ccc43)c2)C1,-12.821,0.515176,4.071979,-12.821
CC1CCCC=C1C1=CC=CC1=CCc1cc2ccccc2nc1C1(F)C=CC=CC1,-12.342,0.505787,4.416028,-12.342
O=C(NC(=O)c1cccc2c1=NC1(C=CC=CC1)C=2)c1cccc2c1=NC(=Cc1ccccc1)C=2,-12.528,0.616408,4.490204,-12.528
O=C1C=C(c2ccccc2)C(n2cc(CNC(=O)C3(c4ccccc4)C=COC=N3)c(C3=CC=CCC3)n2)=N1,-12.232,0.520027,4.211571,-12.232
O=C1C=C[C@H](c2nc(Oc3ccccc3-c3ccc(C4CC=C5CCCC(=O)C54)cc3)no2)N1,-11.68,0.544178,4.183108,-11.68
OC1=N[C@@H](F)C[C@@H]1c1cc(Cl)cc(-c2ccc3cnn([C@@H]4CCCCO4)c3c2)c1,-12.23,0.55218,4.120056,-12.23
Fc1ccccc1CC=C1C2=CCCC=C2C2C1=CCN=C2C1=CC(F)C2=CCCC=C12,-12.189,0.500698,4.928653,-12.189
O=C1CC=CN1c1nc(-c2nc(N3C=CCC3)nc3c2CCC=C3c2ccccc2)nc2c1NC=NO2,-12.987,0.583945,4.172743,-12.987
O=C1C=c2ccccc2=CC1=CCN=C1C=CCCC1C1=c2ccccc2=CC1=O,-12.158,0.742496,4.125151,-12.158
O=C(NC(=O)C1c2ccccc2C2=CCC=CC21)OC12CC=CC=C1c1ccccc12,-12.938,0.692153,4.480282,-12.938
O=C1C=CC(c2nc(C3=CC4(CC=C(F)C5=C4C(=O)C=C5)c4ccccc43)no2)=C1,-12.499,0.76815,4.552282,-12.499
N=C1C=CC(C2=NONC(c3ccc(-c4coc(=NF)cn4)c4ccccc34)=C2)C=C1,-12.65,0.670146,4.142032,-12.65
CC1=C(C2=CC(c3cccc(C4C=CC=CC4)c3)CC=C2)C=C(C2=CCCC=C2)C1=O,-12.543,0.512261,4.44879,-12.543
Cc1cc(F)ccc1C1=C(Nc2cccc(C3=CC=CCN3)c2)C=C(F)C1(F)F,-12.093,0.621226,3.422886,-12.093
O=C1C=COC(=C[C@@H]2CC23CC3)N1c1cc(C2=CCNc3ccccc32)nc(N2CCCCC2)n1,-12.501,0.693783,4.644756,-12.501
Fc1ccc(C2=CC(C3=NC(c4cccc(-c5ccc(F)cc5)c4)=NON3)CC2)cc1,-12.465,0.592379,3.416625,-12.465
N=C1CCCC2=CC=C3C(=O)C[C@H]([C@H]4CC(=O)c5ccc6c(c5O4)CCCC6)OC3C12,-12.477,0.738647,4.699816,-12.477
FC1=CC(C2C=CC=CC2)c2cc(-c3nnc(-c4ccccc4)o3)ccc2C1NC1=NCCN1,-11.907,0.576523,4.289603,-11.907
C#CC1=CC(C2=CC=C(O)C(=N)C2)C(c2c[nH]n3c(=O)c(-c4ccc(F)cc4)nnc23)=C1,-12.941,0.557621,4.447915,-12.941
O=C(C#CC1Cc2ccccc2C(N2Cc3ccccc3C(C3=CC=CCN3)=N2)=N1)N1CCCCC1,-12.32,0.641059,4.131987,-12.32
NC1CC1C1N=CC(=C2C=C(c3cccc(C4=C(c5ccc(F)c(F)c5)CC=C4)c3)N=CC2=O)S1,-12.136,0.575583,4.72366,-12.136
O=C1C[C@@H]([C@@H]2CC(=O)C3CCc4ccc5c(c4C3O2)CC=CC5)Oc2c1ccc1c2CC=CC1,-12.743,0.572191,4.761527,-12.743
O=C1CCCC2C=C(C3c4ccccc43)C(C3=NC(C4c5ccccc54)=NOO3)=CC12,-13.318,0.685483,4.499613,-13.318
FC1=C(C2=CCC(F)C(c3ccc4c(c3)OCC4)=C2)C=C(C2=CC=CNN2)C1=C1CN=CC=N1,-13.056,0.690242,4.785279,-13.056
N#CC1=CNC2=C(CC=C2C2=CC(c3cccc(-c4ccc(F)cn4)c3)=NC(=NF)C2)C1,-12.142,0.727642,4.058044,-12.142
C=C1C=c2cccc(C=C3C(=CC4=CCCC5=CCCC=C45)C3=c3ccccc3=C)c2=CC1,-13.218,0.624798,4.24944,-13.218
N=C1CN(c2ccc(F)c(C3=NON=C(c4cccc(-c5cc(Cl)ccc5F)n4)N3)c2)NO1,-11.853,0.539141,3.730127,-11.853
C=C1C=Cc2c(cccc2C2=CC(=C=N)CC(c3cccc4c3C=CC(=C)C4)=C2)C1,-12.62,0.539116,4.069478,-12.62
C#Cc1ccc(C)c(C2=NC3=CC(C)=C[C@@H]4C(=O)C(C5=CC(Cl)=CC5=O)=CC(=C2)[C@H]34)c1C#N,-12.439,0.610309,4.856656,-12.439
CC1=CCC(c2ccccc2)=C1CC1C=CC(C2=c3[nH]cc(-c4ccccc4)c3=CC2)=C1,-12.015,0.5035,3.985144,-12.015
C=C1COC=CN1c1nc(-c2cc(F)cc(-c3ccccc3)c2F)nc(C2(F)CC(=N)C2F)n1,-12.507,0.532054,4.623835,-12.507
C=C1C(=N)C=C(C2CC(=O)C2=N)C=C1C1=CC(=N)C(=C)C(c2cccc(-c3ccccc3)c2)=C1,-12.794,0.510332,4.282416,-12.794
O=C(C1=C([C@H]2NC(C3Cc4ccccc4C3)Cc3ccccc32)CCC=C1)C1Cc2ccccc2O1,-12.286,0.514567,4.078078,-12.286
N#Cc1cccc(C2=CC(N=C3C=CCC=C3C3=NC4=NC=CCN4C(c4ccccc4)=C3)=CC2)c1,-12.672,0.536663,3.968359,-12.672
O=C1CCN2C(C3=CC4NN=NN4C(c4cccc(-c5ccccc5)c4)=C3)=CC(c3ccccc3)=NC2=N1,-12.604,0.542085,4.037146,-12.604
C1=CCC(c2cccc(C3=CC=C4NC(c5cccc(C6=CCCC=N6)c5)=NC43)c2)C=C1,-12.511,0.634903,4.36996,-12.511
C#CC1=CC(OC2=CC3=c4cccc(C)c4=NC3=C(c3ccc(F)cc3)C2=O)NC(C#C)=C1,-12.89,0.759402,4.432483,-12.89
O=C1c2ccc(OC3=C4Cc5ccccc5CC4CC=C3)cc2CC2=CC=CCC12,-12.819,0.632552,4.059581,-12.819
N=Cc1ccc(-c2cc(NC3=COC4(O3)c3ccccc34)nc3c2=CC2(C=3)CCCC2)cc1,-12.466,0.600483,4.604117,-12.466
Cc1ccc2c(c1)C(c1cc(C)cc3c1C=C(C(=O)C1=CC4=CC5OC#CC5=C4C1)C3=O)CN2,-12.368,0.539609,4.991581,-12.368
Cc1ccc(CNC2=NCNC=C2N2Cc3ccccc3CO2)c(C2C=CC=CC2)c1,-12.001,0.779936,4.129286,-12.001
FC1=CCC=C1C=C1NC(=NNc2ccccc2C2=CC=CC2C(F)F)c2ccccc21,-11.943,0.536,4.323877,-11.943
CC1=CC(c2noc3c2C(=O)N(c2cc(C4NNN=C4F)c(Cl)cc2F)CC3)C=C1,-12.292,0.773917,4.671078,-12.292
C1=CCC(=Cc2ccc3c(c2)C(Nc2nc4ccc(C5C=CC=CC5)cn4n2)=CC3)C=C1,-12.452,0.547521,4.168833,-12.452
N#CC1=C(c2ccc(C#N)o2)C(OC(=O)c2ccc(C#N)cc2-c2ccccc2)=CC12OCCO2,-12.122,0.520647,3.869978,-12.122
Cc1nc2c(c(-c3nc(C4=CC=CC(C5=CC=CC(=O)C5)C4)nc4c3CCC=N4)n1)CCC2,-12.075,0.692114,4.410326,-12.075
O=C1C=CC2(CCCCC2)N1c1ccc2c(c1)c(C1CCCCC1)nn2C1CCNC(F)C1,-12.742,0.591611,4.657049,-12.742
CC1=CCC(C2C=CC=C2c2noc(-c3cn[nH]c3-c3cccc4c3=CC3=CCNC=43)n2)=C1,-12.621,0.661966,4.602284,-12.621
C#Cc1cccc(C2=CC(=CF)C=C2c2cc(C3=CCC=C3c3cccc(C#N)n3)on2)n1,-12.606,0.509453,4.044085,-12.606
C#Cc1ccc(-c2ccc3c(c2)CC=C2C=CC=C(C4CC5CC(=O)C=CC5=N4)C23C#C)nc1,-12.291,0.623689,4.982887,-12.291
FC1=CCC=CC1=Cn1nc(-c2cccc(C3=CCCNN3)c2)c2c1CCC=C2,-12.068,0.779822,4.09707,-12.068
O=C1C=C2CCC=CC2=C1N1CC(C2=C3CCC=C3NN(C3=c4ccccc4=NC3=O)C2)=Nc2ccccc21,-13.147,0.683283,4.037664,-13.147
O=C=C1C=CC(c2cccc(C3C=COC(C4=CC(=C=O)C(c5ccccc5)=C4)=C3)c2)=C1,-12.865,0.603805,4.443804,-12.865
C1=C(CN=C2C3=CC(C4CCN4)C=C3c3ccccc32)C=C(c2ccccc2)CC1c1cnn[nH]1,-12.461,0.559811,4.828573,-12.461
CC1C=C(F)C2=C(CC=CC2)C1c1noc(-c2cc3cc(C#N)ccc3[nH]2)n1,-12.346,0.61735,4.302581,-12.346
O=C1C2CC=CC=C2C(C2=CCCC=C2)=NN1C1C=CC=C1c1cccc(-c2ccccc2)c1,-12.821,0.521536,4.14946,-12.821
C#CC1c2[nH]c(=O)ccc2C[C@H]1Nc1cc(C)nc(NC(=O)C2(c3ccccc3)C=CC=CC2)n1,-11.751,0.502131,4.439924,-11.751
O=C=C1C=C(C2=CC(c3cc(O)ccc3F)=CC(=NF)C2)C=C(c2ccc(F)cn2)C1F,-12.151,0.527797,4.571442,-12.151
O=C1CC(c2cc(F)cc(C3CCCCC3=O)c2)Oc2c1ccc1c2CCCC1,-12.275,0.664438,3.541691,-12.275
C=C1C=CC=C1C1=CN(NC=C(c2cccc(C3=CC=CC3=N)c2)C2C=CC=C2)N=C(C)N1N,-12.134,0.539406,4.51649,-12.134
C[C@@H]1C=NN(CN2C[C@H](C3=CCC(F)C=C3)c3ccccc32)[C@H](C2=CC=CCC2)C1,-12.145,0.637876,4.995544,-12.145
Fc1ccc(C2=CCC(c3cccc(C4=CCC=C4C4=CNC=C(C5=CC(F)C=N5)C4)c3)C2)nc1,-11.898,0.518136,4.718064,-11.898
N=C1CC=CC(c2cc(C3=CCC=C3)cc3c2C2=CC=CC2NC3=C2C(=O)CCc3ccccc32)=N1,-12.559,0.527079,4.497318,-12.559
CC1C[C@@H](C2=CCC(=O)C=C2)CC(C)(c2ccc3c(c2)C[C@@H](C2=CCCC=C2)OC3=O)N1,-12.079,0.679182,4.886174,-12.079
O=C1c2cc(C(F)(F)F)ccc2OCN1OCC12CCCC=C1CCc1ccccc12,-12.049,0.611583,3.723148,-12.049
Fc1cccc2c1=C[C@]1(C=Cc3ccc4ccccc4c3)CNON=C1C=2,-12.625,0.76536,3.999166,-12.625
O=C1C=CC=C(C=Cc2ccccc2)C1Oc1cccc(-c2ccccc2)c1,-12.088,0.565007,2.914578,-12.088
NC1=NN=NC(=c2ccc3c(c2=C2C=C(C(=O)c4cc5c(cn4)N=CC5)c4ncccc42)CC3)O1,-12.744,0.587199,4.171868,-12.744
C=C1CC(C2=CC(c3nnnc(C4=CC=CCC4)n3)=CC2c2cccc(F)c2)=NC1=C,-12.544,0.69961,4.453744,-12.544
C=c1ccc(=C2C=CC=N2)c(N=C(C)c2nc(C3C=CC=CC3)nc3c2CCNC3=O)c1,-12.246,0.774153,4.554092,-12.246
FNC1=CC(c2ncnc(-c3cccc(-c4ccccc4C4C=CC=CC4)n3)n2)CC=C1,-11.916,0.541221,4.264716,-11.916
C1=CC2C(c3ccccc3)N(C3=NC(c4ccccc4)=NC4N=C(C=Cc5ccccc5)NC34)CN2C1,-12.384,0.554702,4.563447,-12.384
C=c1cc(Cc2nc(C3=CCCC(c4ccccc4)=C3)cc(=NF)[nH]2)ccc1=C1C=CC(=O)C(C#N)=C1,-13.117,0.600314,3.973073,-13.117
CC1=CCC(C(=O)OC(=O)C2=NNc3ccccc3O2)(c2ccc3c(c2)=CCC=3)C=C1,-11.984,0.619687,4.402893,-11.984
CC1C(=O)C=CCC1c1nc(NC(=O)C(=O)N2CCc3ccccc3C2)cc(C(F)(F)F)n1,-12.181,0.697827,3.753333,-12.181
O=C(NC1(CC2C=CC(F)=CC2)CCC(F)(F)CC1)c1cc2cccnc2[nH]1,-11.825,0.767889,3.956886,-11.825
Cc1ccc2c(c1)CCCC2n1nc(-c2ccnc(C3=NCCN=C3)c2)c2c1COOC2,-12.726,0.592105,4.148715,-12.726
Cc1ccc2c(c1)CC2(NC(=O)c1cc2ccc(=O)[nH]c2c2c1CCCC2)C1=NC(O)C=CC1F,-12.99,0.510035,4.621438,-12.99
Fc1ccc(C2CCC=C3NC(=C(C=CC=C4C=CCCC4)C=C4C=CC=CC4)NC32)cc1,-12.004,0.527482,4.77175,-12.004
C=C(c1cccc(C(=C)c2cccc(C3=CCC(=O)N3)c2)c1)c1cccc(C2=CCC(=O)ON2)c1,-12.583,0.512471,3.385267,-12.583
Cc1nc(=C(Nc2ccccc2)C2=CC3C(=C4C=NCCC4)C3CC2)oc1=C1C=CCCC1,-12.039,0.716097,4.677673,-12.039
O=C(Nc1cccc(C2=C3CCC3=CC2)n1)C1=CC=CC1c1ccc2c(c1)CCC2,-13.017,0.728712,3.677675,-13.017
O=C1CC=C(c2cccc(-c3cccc(C4C=CC(C5=CC=NC(=O)C5)=C4)c3F)c2)C=N1,-11.721,0.663808,4.148814,-11.721
C=C1C=CCC1C1N=C(C2=NC(CC3=CC=CC3)c3cc(C)ccc32)c2ccc(C)cc21,-12.146,0.507738,4.641421,-12.146
C#CC1C=CC(NCc2nc3c([nH]2)=C(c2nc4c(cc2C)OCO4)OCC=3)(C2=CC(C)=CCC2)C=C1,-11.897,0.506072,4.682123,-11.897
C=C1C=C2C(=N)C=CC=C2C(c2cccc(C3CC=NC(c4cccc(C#N)c4)=N3)c2)C1,-12.161,0.656525,4.489581,-12.161
N#CC1=CC(C2=CCC=C(C3=C(Oc4cccc(-c5ccccc5)c4)CNCC3)C2)C=C1,-12.08,0.582802,3.989096,-12.08
N#CC1=CCC(NC(=O)c2cccc(CC3c4ccccc4C4=CC=CC(=O)C43)c2)=C1,-12.298,0.807552,3.994602,-12.298
C=C1C=CC([C@@H]2C=CCCN2Nc2cccc(-c3ccccc3)c2)CC1,-12.118,0.702907,3.784299,-12.118
O=C1CCCC2(Cc3ccccc3C(N=CC3=NC4(CCCC4)Cc4ccccc43)=N2)N1O,-13.339,0.522908,4.733417,-13.339
CC1CC=CC1[C@H]1C[C@H](N2CC3=CC=CC3[C@@H](c3ccccc3)C2)Cc2ccccc21,-12.202,0.524355,4.432489,-12.202
Fc1ccc(N2NN(N3NN(C4CCC(F)C4)C=C4CC5CCCCC5=C43)C3=C2CCCN3)cc1F,-12.398,0.560612,4.987999,-12.398
N#CC1=CC=C(C2(CNc3ccc(C4=CC=C(Cl)CC4)cc3)N=CC3=CCCC=C32)CC1F,-12.247,0.517688,4.785519,-12.247
O=C1C[C@@H](c2cccc(C3CC=CCC3)c2)CC2C([C@@H]3CC(=O)n4nc(C5CCCC5)cc4C3)CNN12,-12.754,0.567385,4.824407,-12.754
FC1(F)C=C[C@@H](C2=NC(c3cc4c(c(-c5cncnc5)c3)OCC=C4)=NON2)C1(F)F,-11.833,0.593479,4.688053,-11.833
C=C1C=c2cccc(C3=CC(O)=CC3c3nc(C4=CC5=CC=CC5N=C4)no3)c2=C1C,-12.648,0.847884,4.986376,-12.648
C[C@H]1CC(C2=CCCOC2)C(n2c(=O)n(CCc3ccc(F)cc3F)c(=O)c3ncccc32)=NN1,-11.931,0.578887,4.167343,-11.931
CC=C(c1ccc2c(c1)CC(=N)C2)C1NOC(C2=CC(C)=CC2c2ccc3c(c2)CCC3)=NO1,-13.044,0.639741,4.744524,-13.044
Fc1ccc(C2=CCNc3nc(C4=CC(C5CC5F)=CCC4)nn32)cc1F,-11.756,0.874428,4.412243,-11.756
O=C(N[C@@H]1[C@H]2CC3CC=CC=C3[C@H]21)[C@@]1([C@@H]2CCC3CCCC=C3C2)CCc2ccccc2C1,-12.134,0.54828,4.936849,-12.134
O=C(NC(=O)C1(C2=CCC(F)=C2)CCc2ccccc2C1)C1Cc2ccccc2O1,-12.3,0.788754,3.887795,-12.3
NC1=NC(N2Cc3ccccc3C2=C=C=C2NCCc3ccccc32)CC(Br)=C1CC1=CC=CC1,-11.908,0.500734,4.562871,-11.908
OC1=C(F)C=CC1c1cc(F)cc(CC2=CC(C3=NNN=C(c4ccccc4)O3)=CCN2)c1,-11.49,0.633471,4.34547,-11.49
FC1(F)C=NNC1c1cc(C2=NN(C3C=CC=CC3)CC2)nc(-c2ccc3c(c2)CNC3)c1,-12.218,0.747601,4.785743,-12.218
COC1C=CC(C2=CCCC=C2[C@@H]2CN(c3ccc(-c4ccc(=O)[nH]c4)c4c3=CCN=4)CN2)=CC1,-13.049,0.711162,4.835233,-13.049
N=C1C=C(c2cc(C3=CC=CC3F)cc(C3=CC=CC3F)c2)C=C(c2ccccc2)C1=O,-12.748,0.573083,4.481656,-12.748
C#COc1cccc(C2=CC=C(CC3=NC(C4=CCC(c5cccc(O)c5)C4)=NON3)CC2)c1,-12.023,0.560302,4.26361,-12.023
O=C1C=CC=CC1=C1N=c2cc(F)cc(C3C=C(c4ccc(O)c(C5C=CC(F)=CC5)c4)NN3)c2=N1,-11.918,0.581674,4.545015,-11.918
C1=CC(c2nnc(-c3ccccc3)o2)C2(C=C3CCCC3=C2)CC1,-12.104,0.714153,4.179829,-12.104
Cc1ccc(-c2ccc(C3N=C4CC=CC=C4C(=O)N3Cl)c(N3NONC(C)N3)c2)cc1,-12.652,0.619883,4.61698,-12.652
O=C1C(C2=CCC=C2c2ccccc2F)=CCC=C1c1noc(-c2cccc(O)c2)n1,-11.938,0.63114,3.19149,-11.938
C1=CC2CC(c3nc(=Nc4ccc5c(c4)C4=CCCC=C4CO5)c4c([nH]3)CCCC4)=CC=C2C1,-12.884,0.548859,4.448706,-12.884
CC1=C(C#N)C(c2cc(C#N)cc3c2CCN(C2Cc4ccccc4C2)C3=O)=CC1,-12.55,0.764195,3.202222,-12.55
CC1(c2ccc3c(c2)CCCC3)CCc2ccc(C3=NC4(CC4)OC4=CC(F)(F)C=C43)cc21,-12.755,0.513337,4.609597,-12.755
C=C1C=C(NC2N=C(NC3N=C(C4C=CC=C4)c4ccccc43)c3ccccc32)C=CC1C,-12.609,0.671533,4.862904,-12.609
Cc1ccc(N2CC(O)(F)C3CC(C4=CC=CCC4F)N=C32)cc1-c1ccc(F)cc1,-12.229,0.726796,4.517724,-12.229
N=C1CC(c2nc3c(c(C4=CC=CC(c5cccnc5)C4)n2)CC=C3)=CC(C2=CC=CC2=N)=N1,-12.891,0.67295,4.737315,-12.891
O=C(CC1=CCC(C2=CC(=NC3=CC(c4ccccc4)=CCC3)CC=C2)=C1)NC(=O)C1C=CC=CC1,-12.488,0.51181,4.493356,-12.488
O=C1CC1c1cccc([C@H]2CN(c3cccc(C4C=CCC4c4nnnn4F)c3)C(=O)NC2=O)c1F,-12.566,0.550049,4.645935,-12.566
FC1(F)CNC=C(c2cc(-c3nc(C4CNCC(F)(F)C4)c4ccccc4n3)cc3c2OCC3)C1,-13.243,0.517553,4.174089,-13.243
O=C1CCCCN1C1N=C(c2ccc(-c3ccnc(N4C=CC=CC4)n3)c3ncccc23)N=C2ONCN21,-12.109,0.574009,4.385162,-12.109
FC=C1C=CC=C1C1=CC(C=C2C=CC=C2c2ccccn2)=CC1=C1C=CC=CN1,-12.532,0.674041,4.05749,-12.532
Cc1ccc([C@@H]2CC(=O)C3=C(C2)N=C2N=NCON2[C@@H]3c2ccc(C3=CCC(F)C=C3)c(C)c2)cc1,-12.538,0.504703,4.498833,-12.538
Fc1ccc(C#CN2N=S(C3CC=CC=C3CC#Cc3ccccc3)C3CCOCC32)cc1,-12.435,0.592986,4.903783,-12.435
CC1=CC=C(CC2=NNN3C(=N2)C2=C(CC=C4C[C@@H](C)CC42)C3Oc2ccc(C)cc2)CC1,-12.415,0.586506,4.960684,-12.415
OC1CC(c2cc(C3=CCCC(c4ccccc4)=C3)cc3c2=CCCC=3)C1O,-12.498,0.868029,4.206264,-12.498
N#CCC1=CC(N)(c2ccc(F)cc2)CC(C2=CC(c3cccc(O)c3)=NC(=C3C=CC=CC3=O)O2)=C1F,-13.211,0.532107,4.280142,-13.211
C#CC1C=C(Cc2cc(C3CCCC3)cc(C(=O)N[C@@H]3[C@@H]4C(F)=Cc5ccccc5[C@H]34)n2)C=CC1,-12.945,0.531362,4.782074,-12.945
O=C1N[C@H](CNC2C3=CCC=C3c3ccccc32)CC(C2c3ccccc3C3=CC=CCC32)O1,-12.859,0.633803,4.764791,-12.859
Cc1cccc(CNC2=NC(c3nc(N4CC5=CC=CC5C4)nc4c3CCCC4)C3=C2CCCC3=O)c1,-12.444,0.659595,4.313641,-12.444
O=C(C=Cc1ccc([C@@H]2CCOC2)cc1)C1C2=CC=CCC2Oc2ccccc21,-11.923,0.679537,3.869661,-11.923
N=C1C=C(C2=CC(c3cccc(-c4ccccc4)c3)NC=C2)C=C1c1ccccc1,-12.506,0.528691,3.483739,-12.506
O=C=C=C=C1C(Nc2nnc(-c3ccc(F)cc3)c3c2=CCC(F)C=3)=CC=CC1F,-12.647,0.630462,4.922407,-12.647
O=C1C=C(OC2=C(C3=CC=CC(F)C3)CC(F)=C2)C=C(c2ccccc2F)C1=C1C=NN=C1,-12.607,0.549606,4.557013,-12.607
CC1=CC(C2=NNC(C3C=CC=C3C)=C(c3ccccc3C)O2)=NC(=C2C=CC(=O)C=C2C)N1,-12.561,0.681583,4.30562,-12.561
FC1=CCC(N2C(c3cc(-c4cc5ccnn5[nH]4)n4nccc4n3)=CC3=CCCC32)C=C1,-12.281,0.531569,4.949797,-12.281
Cc1ccc(-c2cccc(C3C=CC=C3c3cccc(C4=CC=NCC4)c3)n2)cc1O,-12.208,0.550006,3.607493,-12.208
C#Cc1cccc(C2=C(C3C=CC(=O)C(c4cccc(F)c4)=C3)C(F)C(N=N)N2)c1,-12.432,0.578349,4.566355,-12.432
CC1C=CC=C1CNC(=O)NC1(c2cccc(C3=CC=CCC3)c2Cl)C=CN=C(N)C1=N,-11.907,0.529255,4.754854,-11.907
O=C(N[C@H](C1=CCN(C2CCc3ccccc3C2)C1)C1CC=CC=N1)c1ccc2c(c1)NCC2,-11.861,0.675703,4.300611,-11.861
N=C1C=NN2CC(c3cccc(-c4cccc(-c5cccc(C6=CCC=NN6)c5)n4)c3)C=C12,-12.26,0.608932,4.07642,-12.26
Cc1cc(C2=C3CC(=O)C=C3N(C(=O)c3ccccc3)N2)cc(-c2ccccc2)c1,-12.0,0.690393,2.724462,-12.0
CC1C=C(c2ccc(F)c(C3C=CC(=CCl)CC3)c2)OC(c2ccccc2F)C1,-12.421,0.502357,4.290245,-12.421
O=C(C#C[C@@H]1C=CC=C(c2cccc([C@H]3C=CC(Cl)=CC3)c2)C1)NC(=O)c1cccc(F)c1,-11.817,0.582078,4.105658,-11.817
C[C@@H]1CC[C@H](C(=O)Nc2cccc(-c3cccc(-c4ccc5c(c4)CCN=C5)c3Cl)n2)NC1=O,-12.429,0.566255,3.750236,-12.429
C=C1C=CC=CC12C=C(F)C=C2C1COC(F)C=C1Nc1cccc(-c2ccccc2)c1,-12.213,0.564287,4.990107,-12.213
O=C1CC=CC(=CCC=c2ccccc2=C2CN[C@H]3c4ccccc4O[C@]23C2=c3ccccc3=CC2)C1,-12.834,0.621065,4.816659,-12.834
N=C=C1C=CC(c2noc(-n3nc(C(F)(F)c4ccc(F)cc4)c4c3OC4=C=N)n2)=C1,-12.45,0.623426,4.310379,-12.45
c1ccc(C2=NN=C(NN3CCCc4ccccc43)C3N=C(c4cccnc4)CN=C23)cc1,-12.324,0.687138,3.760831,-12.324
NC1=NC(C2CC=CC=C2c2cccc(C3=CCC(c4ccccn4)=N3)c2)=CCC1F,-11.983,0.747417,4.370722,-11.983
CC=CC=C1CN2OC=C[C@H]2C=C1NC1=C[C@@H]2C=CC(=O)CN2c2cc3ccccc3cc21,-12.461,0.761875,4.964339,-12.461
N=C1C(c2ccccc2)=CCC1=Nc1cccc(C2C=CCC2C2CC(=N)C(F)C2)n1,-12.12,0.586161,4.887267,-12.12
O=S1(=O)CN(C#Cc2cc(C(F)(F)F)ccc2N2Cc3ccccc3S(=O)(=O)C2)C2=CCCC=C21,-12.115,0.529307,3.924422,-12.115
C=C1CN=C2C1=C(c1nn(-c3ccccc3C)c3ccccc13)NN2C1=CC=CC1C,-12.424,0.672509,3.929902,-12.424
C=C1C=C2C=C[C@@H](C3CCOC3)C(C(=O)c3ccc(C)c(-c4ccccc4)c3)C2=C1O,-11.781,0.629752,4.069898,-11.781
CC1=CC2CCN(C(=O)C3=Cc4cc(CC(=O)NNC(=O)C5=CCCC(=N)C5)ccc4C3)CC2=N1,-12.364,0.586615,4.219491,-12.364
CC1=CC=C(n2nc(C(=O)NC3(c4ccccc4F)CNC(=C=O)C=C3F)nc2C#N)C1=N,-12.65,0.612714,4.679311,-12.65
CC1(C)C2=C(CCC2)c2c1c(-c1cc3n(n1)CCC1=C3C3=C(CCC=C3)C1)nn2C1C=C2CCCCN2N1,-13.559,0.502612,4.906535,-13.559
N=C1C=CC=C1C1=CC(C2=CC(=O)CC(c3ccccc3F)=C2)=CC1=C1N=CN=C(O)N1,-12.888,0.676675,4.107556,-12.888
FC1=CC=C(C2=CCC(c3cccc(-c4ccccc4C4=CCOC(F)=C4)n3)C2)C1,-12.129,0.552379,4.07564,-12.129
Cc1cc(-c2ccc(=O)n(C3=NN(C4=CC(C)C=CC4)CC=C3)n2)cc(C2CNN=C(F)C2)c1,-12.605,0.703331,4.772929,-12.605
C#CC(C1=CC(c2ccccc2)=C(F)C1=N)N1C=C(C2=NCNN=N2)CC(c2ccccc2)=C1,-12.341,0.610373,4.544505,-12.341
O=C1C=C(C2=CC=CC(=CC3=CCC=CC3Nc3cccc(-c4ccccc4)c3)C2)C=CC1,-12.357,0.505744,4.011654,-12.357
CC1=CCC(=Nc2cccc([C@H]3NC(=O)NC4=C3C(F)=C(C3C=CC(F)=CC3)C4)c2)C=C1F,-12.367,0.53488,4.75326,-12.367
CC1CC(=N)Oc2c(-c3ccccc3)cc(C3=C4C(=N)C=CC4C4=C3NCC#C4)cc21,-12.993,0.614323,4.99517,-12.993
C=c1c(=O)[nH]cc(C2=CC(=O)CC=C2)c1=CC1=NC(C2=CCCC=C2F)=C2C=NCN=C12,-12.105,0.803759,4.592482,-12.105
O=C1CCC(c2c(F)ccc(C3=C[C@H](c4cccc(C5=CCCCC5)c4)N4NNC4=N3)c2F)C1,-13.722,0.629553,4.204398,-13.722
CC1(c2ccccc2)C(=N)C[C@H](OC(=O)C(c2ccccc2)c2ccccc2)C2=CNCC=C21,-12.05,0.505011,3.86538,-12.05
CC(C)c1cccc(C2=NC(c3cccc(C4C=CC=C4O)c3)=CC(=O)C2F)c1,-12.377,0.736225,3.956243,-12.377
C=C(C(=O)Nc1cc2c([nH]1)=CCCC=2)C1=C2NC(C=CC(=O)C3c4ccccc43)=CCC2=CC1,-12.214,0.592743,4.323906,-12.214
C1=CC(C2C=C(C3=CC4(CC(c5ccccc5)=C3)OOO4)C=C(c3ccccc3)C2)C=C1,-12.57,0.511457,4.428092,-12.57
O=C1Nc2cc(C3C=CC[C@@H]3C(=O)Nc3ccnc(-c4ccc(F)cc4)c3)ccc21,-11.947,0.622075,3.325385,-11.947
C=C1C=CC(c2ccc3c(c2)c(=O)c(=O)on3N2N=CCc3ccccc32)=CC1F,-12.66,0.615482,4.351757,-12.66
N#Cc1ccc(C2=CC=C3NC=C(C4=C5NC(c6ccc(N7CCOC(=O)C7)nc6)=CC=C5NC4)C3C2)cc1F,-12.315,0.513691,4.455366,-12.315
N=C1C=Cc2c(ccc3c2O[C@H]([C@@H]2CC(=O)c4ccc5ccc(=NF)ccc5c4O2)CC3=O)C1,-11.828,0.582921,4.515892,-11.828
CC1=CC=C2C=C(NC3=NN(CC4=CC5=CC=CC5c5ccccc54)ON3)c3ccccc3C2C1,-12.801,0.620414,4.753223,-12.801
Cc1ccc([C@@H]2C=CC=CN2C(=O)C2=NN(C=C3C=CCC=C3)ON(c3ccccc3)C2=O)cc1C,-12.531,0.605363,4.323376,-12.531
CC1(C)CC(C2=CC=C3C(=O)C=C(C4=CC=C5C(=O)C=C(C6c7ccccc76)OC54)OC32)c2ccccc2O1,-13.217,0.509485,4.830818,-13.217
O=C1CCn2c(cc3c4c(ccc32)C2(CCC4)OCCO2)N1CNC=C=C1CCCc2ccccc21,-12.745,0.535586,4.312254,-12.745
C=C=C=c1c(C2=CC=CC[C@H]2O[C@@H]2CC=C(C)C=C2C2c3ccccc32)n[nH]c1=C,-12.436,0.797156,4.938586,-12.436
Cc1ccc(C2=NC(C3=NC(c4nc(C#N)nc5c4CCCC5)C=C4CC(=O)CN=C43)C=C3CCCC32)cc1,-12.845,0.539535,4.954241,-12.845
Cc1cc(CC[C@H]2C=c3ccccc3=C2C2c3ccccc32)c2c(c1)=CC1C=CC=CC1C=2,-13.309,0.586911,4.562779,-13.309
C=C1CC=CC2=C(c3ccccc3)NC(=CC(C3=NC(=N)CC=C3)=C3C=CCC3)N=C12,-12.838,0.654669,4.351153,-12.838
CC1=CC=C(c2cccc(C3=CC(=C4C=CC=CC4)C(C4C=CCC4=N)=C3)c2)C1F,-12.999,0.529668,4.781577,-12.999
C=C1C=C2CC(c3ccccc3)OC2=C(C2=CC3=CCC(c4ccccc4)C3O2)C1,-12.675,0.57958,4.326518,-12.675
C=C1CCC(c2cccc(C3=CC(c4cccc(C5=CC=CC(=N)C5)c4)=CCC3)c2)CN1,-12.514,0.537105,3.977455,-12.514
O=C(c1cc(-c2ccc(F)cc2)c2cc3c(cc2n1)OCCO3)N1C=CC2C=C(F)C=CC2C1,-12.487,0.513482,3.976599,-12.487
N=C1CNCN(c2ccc3c(n2)N(C2=CCCC=C2F)CC(N2C=C(F)Nc4ccccc42)=N3)O1,-12.499,0.552223,4.453043,-12.499
O=C1C=C(C2=CCOC(c3nc(C4=NC(C5=CCCC=C5)CCC4)cc4ccccc34)=N2)C=CC1,-12.456,0.563555,4.414507,-12.456
CC1=C(C2=CC(=CC3C=C(C4=CC=CC4)C=CC3=N)C=C2c2ccccc2)CC=C1,-12.1,0.563277,4.402433,-12.1
CC1C(=N)C=CCN1c1ccc(F)cc1NC(=O)c1cc(C2=CC=CC2F)on1,-12.216,0.813769,4.237912,-12.216
CN=C1C=CC=C(C)C1[C@H]1C=CN(S(=O)(=O)C2Cc3ccccc3C2)C[C@@H]1C(=O)NC(=O)CC1=CCCC=C1,-12.255,0.583311,4.997229,-12.255
Cc1cc(C2=CC(c3ccc(F)cc3)=NCN2)cc(C2N=C(C#N)C=CC2C#N)c1F,-12.739,0.81048,4.575611,-12.739
N=C1CC=CC2=CC(c3cccc(C(=O)c4cccc(C5=CC6C=CC=CC6=C5)c4)c3)=CC12,-12.394,0.531781,4.347524,-12.394
N=C1C(c2cc(-n3nnnc3C#CC3=CC4C=CC=C4C3)c3ccccc3c2)=CC2=CC=CCC12,-12.919,0.52121,4.825143,-12.919
O=C1CN(C2CC=C(C3=CCCC4=C3C3CCCC3O4)C3=C2OC(c2ccccc2)C=C3)CCO1,-12.329,0.562578,4.85854,-12.329
Fc1cccc(C2(c3nc4cc(F)c(C5(F)CCOC5)cc4[nH]3)Cc3cncn32)n1,-11.983,0.525186,4.572673,-11.983
Fc1cc(F)c(-c2noc(C3=NC=CC3C3Cc4ccccc4C3)n2)cn1,-12.14,0.664073,3.649086,-12.14
CC1=CC(=O)C=C(F)C1=C1C=C(CC2CC(=O)C2)NN(c2cn3ncnc3c(C3=CC(O)C(C)=C3)n2)N1,-12.288,0.579664,4.830261,-12.288
Cc1ccc(-n2nc(O[C@@H]3C4=CC(F)C=C4C4=C3CC3=C4CCC3)c3c2C2=C(CCC2)C3)cc1,-12.525,0.512981,4.740785,-12.525
O=C=C1CC=C2CCC(C3(NC(=O)c4cc5cc(Cl)ccc5[nH]4)C=CC=CC3)NC12,-12.767,0.519397,4.866636,-12.767
Cc1cccc(C2NN=NC=C2C(=O)N2C(=N)c3ccccc3C(=NC3C=CC=C3F)C2=O)c1F,-12.402,0.658913,4.732387,-12.402
N=C1CC(=CN2C=C(C3=C(O)C=C[C@H](C4c5ccccc54)O3)O[C@@H](c3ccccc3)C2=O)C=CC1=O,-12.618,0.661874,4.624249,-12.618
Fc1ccc(C2=CC(C3C=CC=C(C4=C(c5cccc(C6=CC(F)(F)C=N6)c5)CC=C4)N3)=CC2)nc1,-12.23,0.508863,4.543523,-12.23
CC1=CC(C2=Cc3c(C)cccc3C2c2ccccc2C)=C(C(=O)N=C2C=C(O)C=CC2)C1=O,-12.935,0.584597,4.042134,-12.935
CC1=CCC(c2noc(C3=NC(C)(c4cccc(C5C=CC(c6cccc(C)c6)=N5)c4)CNO3)n2)=NN1,-12.244,0.549276,4.689757,-12.244
Fc1ccc(N2C=C(C3=CCC4=NNNOC4C3)NN2c2ccc3c(n2)CCC=C3Cl)cc1,-12.13,0.635782,4.709602,-12.13
C=C1COC(O)(c2cccc(C3=CC4=CCCC4C3)c2)c2cc3ccccc3cc21,-12.279,0.562538,4.026402,-12.279
C=c1cccc2c1=C(N1CCC=C(c3cc4cc(N=N)ccc4[nH]3)N1)C=CC2,-11.966,0.617904,3.918968,-11.966
CC1C=CC(C(C)(Nc2cc(C3=CC=CC3)c3ccccc3n2)C2=CC(=N)C(=O)C=C2)=C1,-12.353,0.587249,4.500338,-12.353
O=C(N=Nc1ccccc1)C1=CN(c2ccccc2)N=C(NC2=CC=C3C=CC=C4C=CC=C2C43O)N1,-11.781,0.54609,4.496787,-11.781
C=C1CC=C(C2=CC(=O)CC(c3cccc(N=c4[nH][nH]ncc4=O)c3)=C2)C=C1C1=CC=CC1F,-12.835,0.726293,4.923953,-12.835
Cc1ccc(C2=CC(c3cccc(C4=CC=C(F)C4)n3)=NC2C2=CC=C(F)C2)cc1C,-12.042,0.543473,4.133345,-12.042
CC1=NC(=O)C(C(=NC2C=CC=CC2)c2cc3cc(C)ncc3n(C3C=CC=CC3)c2=O)=CC1=O,-12.765,0.640956,4.746201,-12.765
N=C1C=C2Cc3ccccc3C(Nc3cc4c(nc3Nc3cc5c(nn3)=CCCC=5)=CCCC=4)C2=CC1,-12.172,0.529081,4.80323,-12.172
O=C1C=CC2=C3CC=CC3=C(c3ccc4c(c3)C(C3=c5ccccc5=C5C=CC=NC53)=CC4)C2N1,-12.439,0.744505,4.798111,-12.439
O=C(NN1CC2(CCCC2F)c2ccccc21)N1c2ccccc2C12CCCCC2,-12.462,0.673137,4.638345,-12.462
Fc1ccc(C=C2NN(C3=CC(F)CC=C3C3=CCC(F)C3)Oc3cccc(F)c32)cc1,-12.375,0.576518,4.537521,-12.375
CC1=CC(C(=O)NC#Cc2ccc(C#N)cc2)(c2ccccc2F)CC1,-12.302,0.511738,3.609883,-12.302
N=C1C(CCC2c3ccccc3-c3ccccc32)=CCC(F)=C1C1=CCCC=C1F,-12.481,0.543908,3.420641,-12.481
Cc1ccc(-n2nc(C3=NON=C([C@H]4CCCCO4)O3)cc2C2=NON=C([C@H]3CCCCO3)C2)cc1,-11.906,0.627019,4.667883,-11.906
O=C(C1C(C2=CC=C(F)C2)=CCC(F)=C1F)n1cc(-c2ccc(F)cc2)c2c(c1=O)N=CCO2,-12.493,0.545727,4.499677,-12.493
N#Cc1ccc2c(c1)C=C(N=C1OC(C3=Cc4cc(C#N)ccc4C3=O)=C3C4=CC=CCC4C13)C2,-11.705,0.609926,4.710443,-11.705
O=C1CCCC(C(=O)Nc2cccc(C3CC=C(F)C=C3F)c2)(c2ccc(F)cc2F)C1,-12.754,0.573978,3.803239,-12.754
O=C1CN=C(NCC(C2C=C(F)C=CC2)C2C=C(F)C=CC2)N=C1c1ccccc1F,-12.147,0.748675,4.636198,-12.147
Cc1ccccc1C1CCC=C1C#CC1=CC#CC1(C)C1=CCCC(c2ccccn2)O1,-12.765,0.526179,4.973816,-12.765
C1=CC2C=C(c3cccc(C4=C(C5=CCCC=C5)CCN4)n3)N=C2C(C2=C3CCCC=C3C=C2)=C1,-12.441,0.533486,4.617619,-12.441
C=C1CCC(c2nc(C3=CON=C(c4cccc(C5=NCCC=C5)n4)N3)no2)(C2C=CCC=C2)C1,-12.063,0.646814,4.951837,-12.063
C1=CCN2NC=CC(CN3C(=C4C=C(C5C=c6cccnc6=C5)c5ccccc54)c4ccccc43)=C2C1,-12.893,0.557624,4.452112,-12.893
O=C1C=CC(=C2CC2)N=C1N(C=C1C=CCC=C1)c1cc(=C2C=CCC=C2)c(=C2CC2)nn1,-12.209,0.711769,4.53493,-12.209
N=C1C(F)=CC=C1C1=CC(C2=C3CC(=O)NN=C3C(c3ccccc3)=C2)=CC2CC(=O)CNC12,-13.118,0.655454,4.847379,-13.118
C=C1CC=C(c2ccc3c(c2)CCC3=N)C=C1C1C=CC=C(c2cc3c(nn2)OC(NO)CC3)C1,-12.214,0.530792,4.930662,-12.214
C1=CC(c2cccc(C3=CC(C4CC=CNN4)=C(C4C=CCC=C4)C3)c2)C=C1,-12.656,0.688403,4.554456,-12.656
N=C1CC=CC=C1C1=C(c2ccc(F)nc2)C=C(c2cccc(C=C3C=CC=C3)n2)C1,-13.054,0.609407,3.793771,-13.054
NC1=CCC(c2ccc(F)cc2)(c2nc(C3=CCC(=CF)C=C3)no2)C=C1N,-12.231,0.845604,4.339409,-12.231
O=C(N=C1CC1)C1=NN(C2=C(Cl)C=CCO2)CC(c2cc3cc(F)ccc3c3c2OCCC3)=C1,-11.961,0.6156,4.054297,-11.961
CC(=O)N1CCC(N=c2nc(C(F)(F)C3=CC=CCC3O)onc2-c2ccc3c#c[nH]c3c2)CC1,-11.752,0.598175,4.859974,-11.752
NC1C=CC=C(c2cccc(C3C=CC=C3c3cccc(-c4ccc(F)cn4)c3F)n2)C1,-11.876,0.572247,4.077929,-11.876
Cc1cc(-c2nc3c(F)c(Br)ccc3c(=O)[nH]2)c2c(c1)=C(C1=CC(=O)C(=O)CC1)CC=2,-12.645,0.573742,3.52914,-12.645
CC1=C(C2=CC(C3=CC=CC3(N)c3cccc(-c4ccc5c(c4)NCO5)c3)=CCC2)CC=C1,-12.543,0.565831,4.192098,-12.543
O=C1C=CC(=NN2Nc3ccccc3O2)C(C2=C3c4ccccc4C3c3ccccc32)=C1,-12.919,0.590941,3.859125,-12.919
Fc1ccc2c(c1)C(=CC1c3ccccc3-c3ccc(F)cc31)C1NC=CCC21,-12.395,0.532685,4.059271,-12.395
C1=CCC2Oc3ccccc3C(NN=C3c4ccccc4C4CC=CCC34)C2=C1,-12.936,0.556492,4.415168,-12.936
C=C=C1C=C(C(=C)C2=CC(c3ccc(C)cn3)=CC2=C2C=CCC=C2)C=CC1,-12.123,0.547217,4.202633,-12.123
Cc1cc(-c2ccc(F)cc2F)n[nH]c1=NC12CC=CC=C1C=CC=C2F,-12.067,0.82727,4.153557,-12.067
N=C1C=CC=C1C1=CC2(CC(C3=CCC4(N3)c3ccccc34)=N1)c1ccccc12,-12.688,0.789898,4.705105,-12.688
N=C1CCC2=CCC(C3=CC(C4=CCCC(c5ccc6c(c5)C=CC6)=C4)=CCC3)C=C12,-12.126,0.534679,4.465796,-12.126
O=c1c(C2=CCCN=C2)cnc2n1NC(C1=CC=CC1c1cccnc1)=CC2=C1CN=c2nccnc2=N1,-12.714,0.585024,4.799847,-12.714
O=C1C=C2Cc3ccccc3C(NONC3Oc4ccccc4-c4ccccc43)C2=CC1,-12.22,0.586319,4.012752,-12.22
O=C1C=C(C2=NNNC(C3=CC=CC4C3=Cc3ccccc34)=N2)c2ccc3ccccc3c21,-12.892,0.611587,4.006621,-12.892
N=C1C=C([C@H]2C=CC=CN2c2cc(-c3cc(C4=CCC=CC4)nc4c3CCNC4=O)ncn2)C=C[C@H]1O,-12.095,0.563337,4.906717,-12.095
O=C=C=Cc1cc(-c2nc(C3=CC=CC3O)no2)nc2c1=CCC(F)(c1ccccc1)C=2,-12.324,0.509702,4.865352,-12.324
C1=CC2C(C=C1)C2c1cccc(CC2=CCC(NC3CC=CC(C4c5ccccc54)C3)=N2)n1,-12.401,0.604422,4.874324,-12.401
N#CC1NN1c1cc(-c2ccc(F)c(-c3ccccc3F)n2)cc(C2C=CC=C2F)c1,-12.238,0.580735,4.322181,-12.238
C=C1CC1c1nc2c(c(-n3[nH]c(C4=CCC=CN4)c(C4=CC=CC4)c3=O)n1)SC(=N)C2,-12.486,0.643237,4.976927,-12.486
CC1=CC(=C2C=CC=CC2)C2C(=N1)NN(Oc1ccccc1)NC2=C1C=CC(=O)C(O)=C1O,-12.725,0.552428,4.544222,-12.725
FC1C=C2CC(C=C=C3C4=CC=CC34)=CC2=C1C1=CCc2ccccc21,-12.141,0.604322,4.933822,-12.141
Cc1cncc(-c2cccc(-n3nc(-c4ccc(=O)n(C5C=CC(=N)C5)n4)ccc3=O)c2)c1,-12.389,0.528026,3.618642,-12.389
Cc1noc(-c2cn(C3=CC(c4cccc(C)c4C)CC=C3)nc2C2CCC=C(O)C2)n1,-12.755,0.539003,4.33612,-12.755
C1=CCCC(c2cccc(C3=NC(c4cc5c(c(C6=NC7C=CC=NC7C=C6)c4)COC5)=CCC3)n2)=C1,-12.278,0.518325,4.857644,-12.278
CC1CCc2c(cccc2OC2=C3CC(=O)CCC3=CC2Oc2cccc3c2CCCC3)C1,-12.221,0.546985,3.962268,-12.221
C=C1CCc2cccc(C#CC3C=C4C(=CCCC4c4cccc5c4C(=C)CC5)N3)c2O1,-12.073,0.558265,4.693709,-12.073
C1=CCC(C2C=C(c3cccc(C4C=CC=C4)c3)C=CC2c2ccccc2)=C1,-12.079,0.543563,3.934469,-12.079
C(#Cc1ccc2c(c1)OC2)C1=CC(C2C=C3CC3CC2)OC2=C1NOCC2,-12.599,0.612379,4.913982,-12.599
C(#CC1=c2oc3ccccc3c2=CCC1)C1=c2oc3c(c2=CCC1)=CCCC=3,-12.874,0.565833,4.213828,-12.874
N=C1C=C(C2=CC(=S)CC(c3ccccc3)=C2)C(c2cccc(C3=CC=CCC3)c2)=C1,-12.14,0.510255,3.505877,-12.14
CN1OCc2c(-c3cc(Cc4ccc(F)c5c4CC(F)C=N5)nc(C4=CCC=NN4)n3)ccc(F)c2O1,-12.38,0.557046,4.794419,-12.38
C=C(C#CCC1=CCc2cc3c(cc21)=CCNC=3)N1CC(=O)n2c(nnc2C2C=CC=CC2)C1=O,-12.79,0.703473,4.919918,-12.79
O=C1C=C(C2=CC(C3=CN=CC(c4ccccc4)C3)=CC(c3ccccc3)N2)C2=CCCCN2O1,-12.596,0.638291,4.534853,-12.596
C#Cc1cc(C=C2COC2)nc(-c2cc(C=C3CC3)nc(C3=CC(C)CC3=C3C=NN=C3)n2)c1F,-12.612,0.595803,4.874853,-12.612
N=C1C=CC=C1C1=NC(c2nc(C3=CC=CC3=N)c3ccccc3n2)=NC2C(=O)CCC=C12,-13.922,0.767241,4.495523,-13.922
Cc1cccc2c1=NC(O)C(=CC1=NC(C3C=c4ccccc4=NC3=O)=NC(=C3C=CC=CC3=O)N1)C=2,-13.305,0.58977,4.78646,-13.305
C1=C[C@@H](C2=C3C[C@H](c4ccnc(C5C=C(c6nn[nH]n6)N=CC5)c4)CCC3=CC2)Cc2ccccc21,-12.743,0.506999,4.784513,-12.743
N=C1CCCC1n1cc(C2=NC3=CCCCC3C(C3=CCCCC3=O)=N2)c2cccnc21,-13.116,0.719268,4.492753,-13.116
N=C1Cc2cc(C3=C4OC=CCC4C(C=CC#Cc4ccc5nc6c(cc5c4)OCC6)=N3)ccc2O1,-12.14,0.510506,4.535549,-12.14
O=C(NC1CC=C2CCc3cccc1c32)C1CCC2=CCc3cc(NC(=O)N4CCCOC4)cc1c32,-11.992,0.624565,4.244799,-11.992
C=C1C=C(C2=CC(c3cccc(-c4nc(=O)cc(-c5nn[nH]n5)[nH]4)c3)=CC(=O)C2=C)C(=C)CC1,-12.358,0.584815,3.837707,-12.358
C=C1C=Cc2cc(Cc3nc(C4=CCC5OCOC5=C4)cc(C4=NN=NNN4)n3)ccc21,-12.597,0.77886,4.7012,-12.597
N=C1C=CC=C1C1CC1c1cc(-c2cccc(C3=CC=CC3=O)n2)cc(C2C=CCC=C2)c1,-12.442,0.553493,4.445414,-12.442
O=C1C=C(C2=CC(=C3C=CC=C3C3=NC(=O)C(F)C=C3F)NC(c3ccccc3)=C2)N=C(c2ccccc2)C1,-13.999,0.555235,4.242617,-13.999
OC1=CC(C2=CC=CC3N=CC(N4CCNCC4)C=C23)CC(c2cccc(-c3ccccc3)c2)=N1,-12.528,0.69182,4.536766,-12.528
FC1=CC=C(C2=CC(c3ccc(F)cc3)=C(C=C3C=CCC=C3C3=CCCC=C3)C2)NN1,-13.074,0.517464,4.1247,-13.074
CC1=CCC(C2=NC(C3=C(C)NN=C(c4ccccc4F)C3N)=NC3C(=O)CC23)=C1F,-12.048,0.785543,4.863231,-12.048
C=C=C1CC=CC=C1[C@]1(Nc2cccc(-c3ccccc3)c2)C=CC=C2CCOC(O)=C21,-12.689,0.536335,4.148334,-12.689
O=C1C=CC(=O)C(=C2C=C3C(c4cccc(C5=CCC(=O)N6NC(=C7CCC=CC7=O)C=CC56)c4)=CCC(=O)N3N2)C1,-12.595,0.535534,4.743961,-12.595
O=C1CC[C@H](c2cc(C3=CC(=O)C(F)C=C3)cc(-c3nnc(C4C=CC=CC4)o3)c2F)CN1,-12.351,0.751176,4.694746,-12.351
O=C(C1=CC2CCCC2=C1)C1=CC=CCC1=N[C@@H]1CCCC[C@H]1NNC(=O)c1ccccc1F,-11.623,0.592593,4.54586,-11.623
CC12C(C(=O)N3CN=C(NC(=O)C4c5ccccc54)N3)=CC=CC1C2C(=O)NC(=O)C1c2ccccc21,-13.42,0.557204,4.738123,-13.42
O=C(NC1=CCC2=C1CCCC2=O)NC1=CC(=C2CC(=O)C(=O)c3ccccc32)N=C2C=CCC12,-12.482,0.641687,4.341003,-12.482
Cc1ccc(-c2cccc(C3(N(C)C(=O)Oc4ccc(C#N)cc4)C=CC(C#N)=C(N)N3)c2)cc1F,-12.506,0.55496,3.689133,-12.506
O=C=C1Cc2c(-c3nn(-c4ccc(F)cc4F)c4c3C(=O)C=CC4)nn(C3=CC=C(F)C3)c2C1,-12.91,0.547955,4.119973,-12.91
N=C1C=CC=CC1c1nnc2ccc(C3=CC(C4C=CC=CC4)C4=C3C=CCC4)cn12,-12.338,0.707979,4.905859,-12.338
C=C1C=CC(c2cc(F)cc(C3=CC(c4ccccc4C4=CC(=N)C(=O)C=C4)=NNC3)c2)=CC1=N,-12.387,0.541607,4.04601,-12.387
C=C1N=NN=C2C=CC(C3=CC(C4=NN(c5ccccc5)CC(=N)C4)=CC(=CC=CN)C3)=NN12,-13.084,0.708733,4.62636,-13.084
CC1C=C(C2=C(c3ccc(=O)[nH]c3)CC(C3=C(F)CCC(C4=CCC=C4)=C3)=C2)C=CC1=O,-13.262,0.644143,4.502582,-13.262
O=C1C=C(C=C2NC=CCC2c2cccc(C3C=CC=CC3=O)c2)C=C(c2ccccc2)C1=O,-12.578,0.525309,4.283788,-12.578
C(#Cc1cccc(C2=CC=CC2C#Cc2ccccn2)c1)C1=CCC=C1C1=C2OCC=C2C=C1,-12.376,0.53266,4.480993,-12.376
CC1=CSN(N=C2C=C(F)CCC2)N=C1C(=O)N1Cc2ccccc2[C@H](c2cccc(F)c2)C1,-11.939,0.515008,4.092308,-11.939
C=c1c(C2=NNOC(C3c4ccccc43)=N2)ccc(SC2=NNOC(C3C(=CC)C3=CC)=N2)c1=C1C=CC=CC1,-12.485,0.596095,4.866357,-12.485
C1=CC(c2cccc(C3=C(Nc4cccc(C5=CCCCC5)c4)C=CCC3)c2)=CCC1,-12.36,0.525196,3.119017,-12.36
C=C1C=NN=C(NC(=O)C2=CN(c3ccccc3)OC3C=NCC23)C1c1ccccc1,-11.747,0.842207,4.593731,-11.747
O=C(c1cccc(C2=NN(c3cccc(C(=O)N4CCCC4)c3)C(=O)[C@@H]3CC=CC[C@H]23)c1)N1CCCC1,-12.687,0.585663,3.344398,-12.687
C=C1CC(c2nc3c(C4CCCC4C)cc(F)cc3[nH]2)=CC(C2C=C(C#N)CCC2)C1,-12.237,0.538678,4.729825,-12.237
Clc1cccc(N2NC(c3nn(-c4ccccc4)c4c3C=NCC4)=NC3CCCCC32)c1,-12.328,0.642687,3.957909,-12.328
O=C1C=CCC(c2cccc(C3C=C(c4cccc(C5C=CCCC5)c4)C=CC3)c2)N1,-12.517,0.557796,4.216971,-12.517
Fc1cc2c3c(c1)OC(Nn1cc4c(c1)N(C1=Cc5cc(F)cc6c5=C(ONC=6)O1)N=NO4)=NC3=CCC2,-12.62,0.540824,4.921841,-12.62
CC1C=CC(C2=CC=C(C3=CC(F)NC(Cc4cccc(-c5ccccc5)c4)=C3)NC2)=CC1,-12.318,0.520084,4.324769,-12.318
C1#Cc2cc(-n3nnnc3NCC#Cc3ccc4c(c3)C#CC4)ccc2NC1,-12.303,0.69588,4.561845,-12.303
Fc1ccc(-c2cccc(C3C=CC=C3c3cccc(C4=CC=CC5(C=CC=N5)N4)c3)c2)nc1,-11.961,0.502317,4.629965,-11.961
CC1=CCC(=CC2(c3nc(-c4ccccc4C4C=CC(F)=CC4)no3)C=CNCC2)C=C1F,-12.989,0.583013,4.882159,-12.989
C=C(C1=CC2C(c3ccccc3)=CC(=C3C=CC(=O)CC3C)NC2=N1)c1ccccc1,-11.768,0.711001,4.163124,-11.768
C=C1CCCC1=CC1=NNOC(C2=NC(F)=CCC2c2ccc3c(c2)CCNC3)O1,-11.871,0.744064,4.893358,-11.871
O=C1CCCCC1=C1N=C(c2ccc3cc[nH]c3c2)N=C(C2C=CC=C2C2=CCCC=C2F)N1,-12.623,0.564601,4.309848,-12.623
Cc1cc(NC(=O)C2C(=O)CC=C2C2=CC=C3CCCC3C2)cc2c1C=C1C=CCC12,-13.104,0.627539,4.702779,-13.104
O=C(Nc1ccc2ccccc2c1)C1C=CC=CC1C1=c2ccccc2=CCC1,-12.871,0.712173,3.593745,-12.871
N=C=Cc1ccc(-c2ccc(Cc3cccc4c3C(=O)CC4)c(C=N)c2)cc1,-12.243,0.590315,3.10503,-12.243
Cc1cc(-c2ccccc2)nc(-n2oc(=N)nc2C2=CC(C3=CCCC=C3)C=C2)c1,-12.174,0.664431,4.136541,-12.174
C=C1Oc2ccccc2C=C1C(=CC1CC2CC=CC=C2OC1=C)C1=NCCC(=C2C=c3ccccc3=N2)N1,-12.575,0.581239,4.992003,-12.575
Cc1cc2ccccc2cc1C(=O)NC(=O)C1N=c2ccccc2=CC1C(=O)NC(=O)C1C=C2C=CC=CC2C1,-12.994,0.507417,4.678967,-12.994
FC1CCCC2=C1C(CC1C3=CC=CCC3C3CC=CC=C13)c1ccccc12,-12.202,0.521401,4.757319,-12.202
N=C1CN(C2=NC3=C(C(=O)CC(c4ccccc4)C3)C(NC3CC=CCC3)C2)C(=C2C=CCCC2)O1,-12.561,0.556511,4.776602,-12.561
N=C1C=CC2C(=C1)c1ccccc1NC2N1CCN(C2c3ccccc3C3=CC=CCC32)C1,-13.084,0.675234,4.694888,-13.084
Cc1ccc(C2=CC=C(N=C3CC=CC=C3c3cccc(C4=CC=CC4=N)c3)C2)cc1,-12.617,0.566966,3.599003,-12.617
O=C(Nc1nc2ccccc2c(=O)[nH]1)C1(C2CC3CCCC32)CCC(F)(F)CC1,-12.482,0.795564,3.975021,-12.482
CC1CC=CC1(C1=CCc2ccccc21)C1Cc2ccc3c(c2O1)CCN(C1CCC=NC1)C3=O,-12.596,0.567553,4.828609,-12.596
CC1=C(C(=O)NC(=O)c2ccccc2-c2ccccc2)C(C2=C3CC=CC3=CC2=O)C=C1,-11.781,0.718847,3.53837,-11.781
O=C1C=C(c2cc(C3=CCCC=C3)cc(C3=c4ccccc4=NC(=O)C3)c2)C2C=CC=CC2=N1,-13.07,0.712664,4.247326,-13.07
C[C@H](CNC(=O)C1=CCC2(CCOC2=O)CO1)C1c2ccccc2Cc2ccccc21,-11.981,0.770576,4.376953,-11.981
C=C1C=CC(=O)C(=NCC=C2C=CC=C(c3ccccc3C)O2)C1C=C1N=c2ccccc2=N1,-12.371,0.702339,4.466996,-12.371
CC1=CC(=N)C2(C)N=C(N=C3NON=C(c4ccc(F)cc4)N3)Cc3cccc1c32,-12.35,0.683318,4.447907,-12.35
N=C1C=CCc2ccc(-c3ccnc(-c4cccc(C5=CC6(C=NC=NN6)C(=N)C=N5)c4)c3)cc21,-12.05,0.532133,4.85904,-12.05
O=C1CCC2=CC(c3cccc(C(=O)N4C=C(C5=CCN(C(=O)c6ccccc6)C5)C=CC4)c3)CC=C2C1F,-12.064,0.519338,4.29488,-12.064
C#CC[C@@H]1c2ccccc2C=CN1[C@@H]1C2=CC=CCC2=CN1c1cccc(CC2=CC=C(C)NN2)c1,-12.406,0.517781,4.712369,-12.406
Cc1cc(NC(=O)C2(C3=CC4C#CC#CC4=C3)C=CCC=C2)ccc1F,-12.595,0.651406,4.834425,-12.595
N#CC1=CC(c2cc(C3=CCCC=C3)cc(C3=CCCC=C3)c2)C(c2ccccc2)=C1,-12.321,0.514662,3.971374,-12.321
O=C1C=CC=C(c2nc(C3=NC(c4ccc5c(c4)C=CC(=CF)N5)=NON3)c3ccc(F)cc3n2)C1,-12.182,0.567189,3.948763,-12.182
O=C([C@@H]1CC(=S)N(C2c3cccc(C4c5ccccc54)c32)C1)N1C=CCC[C@H]1C1=NC2=CC=CC2N1,-12.182,0.544988,4.988196,-12.182
O=C1CC=C(c2cccc(-c3cccc(-c4ccc(F)c(C5=CC=C(F)C5F)c4)n3)c2)N1,-11.897,0.551345,3.592163,-11.897
CC1C=CC=C1C1C=c2nc(-c3ccccc3)cc(C3=NCN=C(C=C4C=CC=CC4)N3)c2=C1,-12.412,0.770874,4.895528,-12.412
Oc1cccc(-c2ccccc2CON2C=NC3=C(CC(c4ccccc4)=N3)C2)c1,-11.932,0.665739,3.048973,-11.932
CC1CCCc2c1cc1c(c2CC2C=C(Cc3c4c(cc5c3CCC5)CCC4)CC(=O)N2)CCC1,-13.124,0.535874,4.318672,-13.124
C=C1C=CC(c2ccc(F)c(-c3nc(C4=C(C5CCN(C)C5)C(=C)C=C4)oc(=NF)n3)c2)=C1,-12.075,0.665975,4.455669,-12.075
O=C(NC1=CC=CC1N1C(=O)C2C=CC=C2N1C1C=CC=C1NC(=O)C1c2ccccc21)C1c2ccccc21,-11.893,0.622694,4.964177,-11.893
O=C1C=CC(C2=CC=C(c3cccc(Cc4cccc(C5=CCC(=O)CC5)c4)c3)CC2)=CC1,-12.503,0.511031,3.220062,-12.503
C=C1C=CC(n2nc(C(=O)N3C=CC(C#N)C=C3)nc2-c2ccccc2F)C=C1,-11.773,0.802308,4.019465,-11.773
C1=CCC(N2C=C3C=C(c4ccccc4)CC=C3N2)C(c2ccccc2)=C1,-12.041,0.789055,3.689767,-12.041
ClC1=c2cc3c(c(C#COC4=C5CC=CC=C5CC5CC=CC=C45)c2CC=C1)=CC=CC3,-12.345,0.536756,4.938862,-12.345
N=C1C=CC=C(C2C=C(F)CN=C2Nc2cc(C3=CC=CCC3)cc(-c3ccccc3)c2)C1,-12.672,0.520503,4.153796,-12.672
CC1C=CC=C1n1nc(-c2nc(C3(C)CCCCC3)no2)c2c1N=CC(=C1CN1N)C2,-11.954,0.60066,4.781516,-11.954
N#CC1SCC(=C2C=C(c3ccccc3)C=C2C=Cc2ccccc2C2C=CC(=O)C(=N)C2O)S1,-12.809,0.55192,4.7914,-12.809
O=C1C=C(F)C2NC=C(c3cc(-c4cccc(C5C=C6C=CCC6=C5)c4)cc(C4CC4=O)c3)C2=C1,-12.383,0.610508,4.800829,-12.383
Fc1ccc2c(c1)C(c1ccc(Cc3ccccc3)c3c1ON=CC3)CCC21CCNCC1,-12.242,0.551447,4.107639,-12.242
O=C1C(c2ccccc2)=CC(c2cccc(-c3ccccc3)c2)CC1C1C=CC=C1O,-12.446,0.52287,3.64464,-12.446
Cc1nc(C2=NC(=O)c3ccc(C(=O)c4ccc(Cl)cc4)cc32)nc(C2CCOC(=N)C2)n1,-12.047,0.590347,3.619503,-12.047
O=C1CCC2=C1CC(=Nc1cc(O)nc(-c3cc4c(c(OC5C(F)CCCC5F)c3)C(=O)CC4)n1)C=C2,-12.177,0.606949,4.786222,-12.177
O=C(Nc1ccc2c(c1)C1NN=NC1N2)C1(c2ccc3nncn3n2)C=CC=CC1,-11.826,0.621309,4.749507,-11.826
CC=c1ccc2c(c1)CCN(C(=O)C=C1C=Nc3ccc(-c4cncc(C5CCCCC5)n4)cc31)N=2,-12.174,0.51528,3.682531,-12.174
CNC(=O)C1=C(C2=CC=NC2=N)CC(c2cccc(-c3cccc(C4C=C(C)C=CC4)n3)c2)=C1C,-12.487,0.578607,4.180106,-12.487
Fc1ccc(-c2noc(C3(C4C=CCC4)CC=CC4=C3CCCC4)n2)c2c1CCCC2,-13.168,0.517214,4.198404,-13.168
O=C(Nc1cc2ncccc2[nH]1)C1(c2ccc3ccccc3c2)CCCC=N1,-12.188,0.544963,3.573368,-12.188
N#CC1=C(c2ccccc2)C(c2ccccc2)N=C1N1C[C@@H](C2C=CC=CC2)C(=O)C1=O,-12.329,0.697359,4.067884,-12.329
C=C1c2cc3c(cc2C2(CC=CC2)CN1C(=O)C1=NCNC(C2=C4C=C(O)CCC4=CC2)=C1)OCO3,-12.548,0.60524,4.78168,-12.548
C[C@@H]1C=C2C(=CC1)c1ccccc1CN2C(=O)[C@@H]1C(=N)c2ccccc2-c2ccccc21,-12.56,0.506603,3.817549,-12.56
NC12CC1CN(C1NC(c3cccc(-c4cccc(C#CC5CCCC6=C5NCC6)c4)c3)=CC=C1F)C2,-12.838,0.533301,4.972342,-12.838
FC1(F)CCN(NC2=NNC3(CCCC3(F)F)NN2c2ccnc(-c3ccccc3)n2)CC1,-11.807,0.602752,4.694273,-11.807
C=C1C=C2C(=C(c3cccc4c3C4c3ccc4c(c3)CC4)C1)C2NC1=CC2CC=CNC2=C1,-12.053,0.551341,4.902731,-12.053
FC1=CCC(C(F)=C2ON=C(c3ccccc3F)NO2)(c2ccccc2F)C(F)=C1,-12.523,0.679803,4.178599,-12.523
C=Cc1nc(C(=O)NN2C=NOC3=Cc4ccccc4CC32)cc(N2CCC3=Cc4ccccc4CC32)n1,-11.75,0.575266,4.613625,-11.75
C#CC(=O)C1=Cc2ccccc2C1c1nc(NC(=O)C2=CC=CC2=N)n2c1C(C)(C)CC2,-12.492,0.581062,4.392262,-12.492
Cc1ccc(NC(=O)C2=NNN(C3CC=C(F)C=C3C3=CCC(F)CC3)C3=C2CCC3)c(F)c1,-12.385,0.597236,4.527948,-12.385
Cc1ccc(C2=CC=C3C4CC=CC=C4N(C4=C5CCN=C5N(c5ccc(C(=O)O)cc5)N4)NC23)cc1,-12.425,0.577675,4.327843,-12.425
C=C1N=C(C2C=CC(C)=CC2)C2=C1CC([C@@]1(c3ccc(C)cc3)OC3=C(CC=C3)C1=N)=NN2,-12.572,0.654937,4.998714,-12.572
CC1c2ccc(C3=CC(C4=CC(O)=CC4C4=CCC5CC=CC5=C4)=CC3)cc21,-12.123,0.632819,4.925952,-12.123
C#Cc1ccc(-c2nc3c(c(C4=CCC(C)C=C4)n2)C(=C)C(C2=CCC(C)C=C2)N3)cc1,-11.989,0.584554,4.712722,-11.989
C=C=C1N=c2ccccc2=C1C=C1N=C2C(=CC3=c4ccccc4=NC3=C)C2=C(C2(C)c3ccccc32)O1,-12.653,0.516151,4.339525,-12.653
C=C1C=Nc2ccccc2C1C1=NC(c2ccnc(-c3ccc(F)cc3F)c2)=NNC1,-11.955,0.671236,3.81615,-11.955
O=C1Cc2c(-c3nn(-c4ccccc4)c4c3CCC4=O)nn(C3C=CC=CC3C(F)(F)F)c2N1,-12.446,0.628636,4.281972,-12.446
O=C1CCC(c2ccccc2)=NN1N1N=C(c2ccccc2)CC1=c1ccc2c(c1)NNC=2,-12.085,0.664638,3.486819,-12.085
OC1=CCC(c2cc(-c3cccc(C4=CCC(F)C=C4)c3)cn3cnnc23)C1F,-11.568,0.655218,4.463678,-11.568
FC1C=c2c(-c3cc(-c4cc5c(c(C6=CC=CC7CNC=C67)c4)OCO5)cc4c3OCOO4)nccc2=CC1,-12.968,0.518251,4.933052,-12.968
CC1C=C(c2cccc3oc(-c4nc(C5C=CCC5)nc(C5CCONC5)n4)cc23)C(=O)C1,-12.636,0.584837,4.675566,-12.636
N=C1CC(c2ccccc2)=C(F)C(c2cc(-c3ccc(=O)[nH]c3)cc(C3C=CC4=NC=NC4=N3)c2)=N1,-13.14,0.540336,4.265352,-13.14
O=C(NN1C(=O)C2(c3ccccc3F)c3ccccc3C=CC23C=CC=C13)c1ccccc1O,-12.862,0.618698,4.39331,-12.862
FC1=CC=C(c2cccc(-c3cnc(F)c(C4=CC(C5=CCC(F)C5)=C5CCN=C45)n3)c2F)NC1,-12.309,0.566448,4.65361,-12.309
OC1=C(F)C(Nc2cccc(-c3ccncc3)c2)C(C2=CCCC=C2)=C1,-11.573,0.769855,3.562613,-11.573
Fc1cc(-c2nc(-c3cc(F)c4c(c3)C(F)(F)CC4)nc3c2CCCN3)cc2c1CCNC2,-12.876,0.527407,3.439705,-12.876
C1=CCC(C2=CC(C3=CC(c4ccccc4)=C(C4=CC(c5ccccc5)=NCN4)C3)NN2)=CC1,-11.652,0.545739,4.268193,-11.652
C#CC1=CC(C2=NCC=C(c3cccc(-c4cccc(C)c4)c3)N2)=CC(=CC2=CC=C(C)C2)N1,-12.562,0.553447,3.923871,-12.562
C=C1C(O)=CC=C1c1cc(C2=NC(=C=N)C(=O)C(c3ccccc3)=C2)nc(=C=N)c1=C(F)F,-12.528,0.504121,4.392526,-12.528
C=c1c(F)cc2nn(CC#C[C@@]3(C4=CC=C(F)CC4=O)Cc4cccc(F)c4C3)c(=O)cc2c1=C,-12.152,0.53922,4.557932,-12.152
O=C(N=C=CC1=C2CC=CC=C2c2cc(F)ccc2O1)C1=C2CC=CC=C2c2cc(F)ccc2N1,-12.625,0.521322,4.027222,-12.625
C=C1C=C(C)C=C[C@]1(NC(=O)C1=Cc2ccccc2OC1)c1cccc(C2C=C(F)C=CC2)c1,-12.491,0.580674,4.388066,-12.491
CC1=C2C(=O)C(N3Oc4ccccc4CC3=CN3C=CCc4ccccc43)OC2C2C=CC=CC2=C1,-12.605,0.571069,4.943109,-12.605
N=C1C=CC=C(c2ccccc2)C1=CC1=CC(c2ccccc2F)=CC1,-12.225,0.694451,3.186237,-12.225
C=C1CC(C)=CC=C1C(F)=C1N=C2ON=CC(c3cccc4ccc(Br)cc34)N2C1=O,-12.306,0.50729,4.48205,-12.306
Cc1ccc(C2=CCC(F)=CC2)cc1-c1nc(C2C=CC=CC2)n(C(=O)C2CCOC2F)n1,-12.118,0.587048,4.789867,-12.118
C(#Cc1ccccc1)CC1=NN=C(CCc2ccccc2)N(N[C@@H]2CCC3(CCCC3)N2)N1,-11.87,0.591528,4.513404,-11.87
N=C1CN=CC=C1c1oc(C2=CCCC3C(=O)CCC23)nc1-c1cccc2c1CCN=C2O,-12.334,0.733549,4.738082,-12.334
C#CC1=CC=CC1C1CC(C2=CC(C3=CC=CCC3)C(c3ccccc3)=C2)CCC1=N,-12.431,0.519236,4.976565,-12.431
FC1=CCC(c2nc(-c3ccc4nc[nH]c4c3)no2)(C2C=CC3CC=COC32)C=C1F,-13.139,0.599174,4.9003,-13.139
C#CC1=CC=C(C2=C(c3nc(-c4ccc5c(c4)NCC5)no3)C=CC2F)C1=C(F)C#C,-12.264,0.742801,4.587586,-12.264
O=C(C1=CC(=NC2=CC3C=CC=C3OC2)C=C(C2c3ccccc32)C1)C1=Cc2cccnc2CN1,-12.737,0.707849,4.748663,-12.737
N#CC1=CN=C2C=CC=CC2C1C1(C=Nc2cnc3ccccc3n2)C=CC=CC1,-11.664,0.689134,4.978213,-11.664
C#Cc1ccc(-c2nc(C3=CCC(F)=CC3N[C@H]3CCc4c(C#C)cccc43)no2)cc1,-12.334,0.603582,4.231874,-12.334
Cc1cc(C2=CC=CNC2=C2N=C(C3=CC=C(F)C(F)C3F)ON2)cc(F)c1F,-12.399,0.717192,4.734117,-12.399
N#CC1=CC(c2cccc(C(=O)NC(=O)c3cccc(-c4ccc(C#N)c(F)c4)c3)c2)C=C1C#N,-11.901,0.556304,3.009383,-11.901
CC1=C([C@@H]2NC(C)(C)C[C@@](C)(c3c(F)ccc4ccccc34)N2)OC2CC(F)=CC=C12,-12.439,0.647703,4.631367,-12.439
Oc1cc2nc(C3(C4=CC(O)CC=C4)C=Cc4cnccc43)oc2cc1C1=COCC=C1,-12.669,0.647307,4.870183,-12.669
N=C=C(F)C1=CC(C2=CC=C(F)C2F)N=C(c2cccc(-c3ccccc3)c2F)N1,-11.97,0.520616,4.50336,-11.97
N=C1NNN2[C@H](C(=O)[CH]c3ccc(C(F)(F)C(F)(F)F)cc3)[C@@H]3N=c4ccccc4=C3C[C@@H]12,-12.603,0.60548,4.886382,-12.603
N=C1C=CC(c2c(F)cccc2C2=NOOC(c3cccc(F)c3C3=CCC(=NF)C=C3)=N2)C=C1,-12.304,0.557433,4.382023,-12.304
C#CC1=CC(c2cccc(C=CC3=C(C=c4cccc(C#C)c4=C)NNO3)c2)N=N1,-12.263,0.789695,4.892517,-12.263
C=C1C=C(c2cc(=O)c(F)c(-c3ccccc3Br)[nH]2)C=C1C1=CCC(F)C=C1,-12.189,0.619774,4.121621,-12.189
C=C=C=C(C1=CC=CCC1)C1C=CC=C1c1nc(-c2ccc(C)cc2)no1,-11.959,0.65699,4.026362,-11.959
N=C1CC=NC(c2cccc(C3C=C(c4cccc(C#Cc5ccccc5)c4)N=CN3)c2)C1,-12.134,0.514686,4.312157,-12.134
CC1C=NC(c2cccc(C3=NC(=C4C=CC(=O)C=C4F)C(C=N)C=N3)c2)=NC1=C1C=CC(=O)C=C1O,-11.889,0.608365,4.983592,-11.889
FC1=C(F)C(C2NN=C(C3CC(F)c4cc(F)ccc43)OO2)c2ccc(F)cc2C1,-12.119,0.538218,4.94457,-12.119
C(=C1Oc2ccccc2C2=CCCCC12)[C@@H]1Oc2ccccc2-c2nnnn21,-13.075,0.635641,3.99342,-13.075
CC1NN=C2c3ccccc3C(C3=CN(C4=NN5CNN=C5c5ccccc54)CC(C4CC=CC4)=C3)=NN21,-13.444,0.617375,4.675504,-13.444
O=C(NN1C(=O)C2CC=CC=C2c2ccccc21)N1Cc2ccccc2-c2ccccc21,-12.883,0.581595,3.362546,-12.883
C1=CCC(c2cccc(C3=CC(=CC4=NC5=NN=CC5CN4)C(c4ccccc4)=C3)c2)C=C1,-12.726,0.666295,4.530472,-12.726
C=C1C=C2C=C(C3=c4nc(-c5cc(C6C=Cc7ccccc7C6)co5)c(F)nc4=CC3)CC2=CC1,-12.369,0.504973,4.838469,-12.369
NC1=CC2C(=CC1=C=O)C=CC=C2NC(=O)c1cccc(C2=CC=CC3=CCC=CC32)c1,-12.544,0.56148,4.779117,-12.544
N#Cc1ccc(-c2nc([C@@]34NC5=CC=CC5=CC3=CCC4C#N)no2)cc1,-11.929,0.891524,4.381519,-11.929
C=C1C=C(c2cc(C3=CC(=N)C=C3)cc(-c3cc(C)cc(C4C=CC(=N)C4)c3)c2)C=CC1C#N,-13.014,0.513561,4.753159,-13.014
O=C(NC(=O)c1c2c(cc3c1C1CCCC31)CCCO2)c1c2c(cc3c1CCC3)CCC2,-12.486,0.692107,3.887386,-12.486
C1=CCC2=c3cc(CCc4cc5c(c(-c6cc7c(nn6)CC=CC7)c4)C=CC5)nnc3=CCC2=C1,-11.929,0.555671,4.168382,-11.929
C=C1CC2=C(CC3C=CC=C3O2)[C@H]2c3cc(Oc4ccc(F)cc4)ccc3C=CN12,-12.033,0.569288,4.305029,-12.033
CC1C=CC(c2cccc(C3=NONC(C4=NC(c5cccc(C6CC(F)=CC6=O)c5)=NON4)=C3)c2)C1,-12.361,0.584369,4.995074,-12.361
N=C1c2ccccc2N(Cc2ccc3c(c2)CCC2(CCO2)O3)CC12C=CC(F)=CC2,-12.601,0.721106,4.786889,-12.601
O=C1C=C(c2cccc(C3=CCC(=O)NN3)c2)C=C(C2=CCC(C3=CCC(=O)N3)=C2)C1,-12.878,0.710929,3.906645,-12.878
O=C1C=CCc2c1c(-c1nc(C3=NON=C(C4=CCCCC4)N3)no1)nn2C1=NON=C(C2=CCCCC2)N1,-12.243,0.606549,4.514815,-12.243
O=C(C=C1C2=CCONC2Oc2ccccc21)CCC1C2=CC=CCC2Oc2ccccc21,-12.687,0.677475,4.640979,-12.687
N=C1CCC2=NC(F)C=C(c3cc(C4=CC(O)=CCO4)c(-c4ccc(N5CCNCC5)nn4)o3)N2C1,-12.447,0.55781,4.780295,-12.447
N=C=Cc1ccc(-c2cc(=O)n3c(n2)OC=CC3c2ccc(F)cc2)cc1,-12.252,0.723329,3.749965,-12.252
Fc1ccc(C2=CC(C3=CCC(F)C=C3)=CC2C2=NON=C(C=C3Cc4ccccc4C3)N2)cc1,-12.23,0.603024,4.694024,-12.23
O=C1CC1c1cc(-c2ccc(C3CC3)c(C3=CCC(F)(F)CC3)c2)c2c(n1)C(F)(F)C2,-12.397,0.519267,4.131964,-12.397
CC1=NNN(C2=CC([C@H]3Cc4ccccc4C(=O)O3)=C(C3CNOC(c4ccccc4C#N)=N3)C2)C(C#N)=C1,-12.278,0.590712,4.892441,-12.278
O=C1N=C(F)C=CC1=C1N=C(C2=CCCC(c3cccc(-c4ccccc4)c3)=C2)C=C(N2CCCC2)N1,-12.525,0.525983,3.468528,-12.525
C[C@@]1(CN2Cc3c(ccnc3[C@]3(C)CC(=NCl)C(=O)C4=CCCC=C43)C2=O)CC(=O)Cc2ccccc21,-11.979,0.579301,4.698274,-11.979
N[C@@H]1C=Cc2cccc(-c3nc(C4CC=C5CCC4C5)c4ccc(F)cc4n3)c2O1,-13.205,0.591046,4.975329,-13.205
CC1=CC=C(c2ccc3c(c2)=C(c2cc(-c4c(C)c(C)cc5c4=CC(=O)C=5)cc4c2=CC(=N)C=4)C(=O)N=3)CC1=N,-13.331,0.552565,4.295057,-13.331
Fc1c(C2=Cc3ccccc3C2)cccc1C1=CC=CC2=NN(C3=Cc4ccccc4C3)NN12,-12.462,0.555549,3.607764,-12.462
N#Cc1ccc(C2=NC(=C3C=CCC=C3Oc3ccccc3C3=CCCC(O)C3=O)NN2)cc1F,-12.185,0.630435,4.053482,-12.185
C#CC1(C)C=NC(c2cccc(C3=c4ccc(-c5ccc(Cl)c(=N)[nH]5)nc4=CC(C)C3)c2)=CC1=O,-13.154,0.560238,4.831516,-13.154
C=C1C=C(Nc2cccc(C3=CCCC(c4ccccc4)N3)c2)OC(C2CCC=CC2=O)=C1,-12.365,0.568511,4.303819,-12.365
C=C=C1CCNN=C1C1=CC=CC1c1cc2ccc(C3=NNC(=O)CC3)cc2o1,-12.599,0.792459,4.407429,-12.599
C1=C[C@H]2C(c3ccccc3)=C([C@@H]3N=C(C4=C[C@@H]5CCC[C@H]5O4)NN3)C[C@@H]2C1,-11.873,0.803456,4.874211,-11.873
Fc1cnc2c(C3(c4noc(C=C5C=CC=CC5)n4)CCCCC3)ccc(F)c2c1F,-12.55,0.504434,3.658776,-12.55
C=C1CC(n2nc(C3=CC=CC(C4=CC=C(F)CC4)N3)cc2-c2ccc(F)cc2)=CC=C1F,-12.605,0.561834,4.365509,-12.605
N=C1C=C(c2cccc(C3C=CCC3)c2)O[C@@H]1C1C=C(C2C=CC=CC2)C=CC1,-12.188,0.592201,4.871151,-12.188
C1#CC2C(=CC=C2c2cccc(C3=CC=CC3Cc3cccc(-c4ccccn4)c3)c2)N1,-11.955,0.520246,4.345177,-11.955
CC1=C(C2=C(C3=CC4c5ccccc5OC(=C5CCN5c5ccccc5C)N4N3)NC=CC2)CCC=C1,-12.444,0.506842,4.212185,-12.444
C1=COCC(C2=CCCC(c3nc(-c4cccc(C5=CC=COC5)c4)c4cc[nH]c4n3)=C2)=C1,-12.643,0.537971,3.860922,-12.643
Cc1ccc2cc(C(=O)N[C@@]3(c4ccccc4)CC=c4ccccc4=N3)cc(F)c2c1,-12.54,0.537285,3.377724,-12.54
Fc1ccc(-c2cccc(C3=CC4C=CC(c5ccccc5)C4N3)c2)cn1,-12.392,0.518368,3.742761,-12.392
C=c1ccc(=C=CN2CCC=C(C=C3C=CC(=O)C=C3C=C3C=CC(=O)C=C3C=C3C=CC(=O)C(O)=C3)C2)cc1,-12.452,0.640609,4.638105,-12.452
FC1=CCC(C2=C(c3nn[nH]n3)C=C(c3cccc(C4=CSC=C(Cl)C4)c3)C2F)=CC1F,-12.14,0.553851,4.979802,-12.14
C#Cc1cc(F)c(-c2cc(C#C)nnc2N2CC=C(C3(Cc4ccccc4)C=CC(N)=C3)O2)nn1,-12.113,0.582053,4.686539,-12.113
Cc1ccc2c([C@H]3C=C[C@H](Cc4cccc5c4=CCC4(C=5)OC=CO4)C3)cccc2c1,-12.031,0.554727,4.867493,-12.031
N#CC1=CCC(NN=C2C3=CC=C(C#N)CC3=Cc3cc4c(cc32)=C(C#N)CCC=4)=C1,-12.629,0.772964,4.543061,-12.629
C#Cc1ccccc1C1CC(O)=NC2=C1N=CN(C(=O)C1CC=CCC1)O2,-12.249,0.64764,4.626797,-12.249
FC1C=NC(C2CCc3cc(NC4=NC(c5cccc(C6=CC=CCN6)c5)=CCC4)ccc3C2)NC1,-12.182,0.557246,4.800628,-12.182
Cc1ccc2c(c1)C(=N)C(=O)N=C2c1cc2c(C3=CC=CC4C=CC=C34)cccc2n1F,-13.162,0.586412,4.220367,-13.162
C=C1C=C(C2=CC(c3cccc(C4=CC=CC(c5ccccc5)C4)c3)OC=C2)CCC1,-12.129,0.501561,4.175902,-12.129
C#Cc1ccc(-c2ccc3c(c2)CN=C(F)C3C2C=CC(C#C)C2)cc1,-12.416,0.531475,4.436535,-12.416
Cc1cc(C2=CC=CCC2)cc(N2Sc3ccccc3[C@]3(C)C=CNC[C@@H]23)c1,-12.732,0.637436,4.363952,-12.732
O=c1c2ccccc2c(C2=NON=C(C3=NON=C([C@@H]4COc5ccccc54)O3)O2)nn1C1=CC=CCO1,-12.438,0.519844,4.647732,-12.438
N#CC1=Nc2ccccc2[C@H]2C=C(C3=Nc4cc(F)ccc4[C@@H](C(=O)N=c4ccc(C#N)c[nH]4)C3)C=C12,-12.726,0.553053,4.777621,-12.726
ClN1C=C(c2cccc3ccccc23)C(=CC2=Cc3ccccc3C3=CNNC23)CN1,-12.543,0.506363,4.102948,-12.543
N=C1C=CC(=C2C=C(C3=CC(C4C=CC=C4)C(C4C=CC=C4)=C3)C=C2n2cccc2)C=N1,-12.444,0.615071,4.861964,-12.444
C#CC12C=C(c3nc([C@H]4CCC5Cc6ccccc6C5C4=N)no3)C=C1CC=CC2,-12.9,0.562247,4.982024,-12.9
C1=CC(c2ccccc2-c2cnnnn2)C(C2=CCC(C3=CCCC=C3c3nn[nH]n3)=C2)=NC1,-12.065,0.593668,4.581657,-12.065
Nc1cccc(C2=CC=CCC2=CC2=NNN=C(c3cc(Cl)cc(C(F)(F)F)c3)O2)c1,-12.164,0.613366,3.595365,-12.164
COc1cc(C)ccc1-c1cnn(C2(c3ccc(F)cc3)C=CC(F)=CC2N)c1,-11.769,0.710099,3.771277,-11.769
N#CC1C=C(C2=CCC(c3ccc(Cl)c(C4=CC(C5=CCC(=N)C=C5)=CC4=O)c3)=C2)C=CN1,-12.155,0.610513,4.792841,-12.155
Fc1cccc(-c2cccc(N=C3NN=CC(F)N3C3=CCC(C4=CC=CC(F)C4)=C3)c2)c1,-12.098,0.576305,4.62048,-12.098
O=c1c(C2=CN(c3ccc(F)cc3)N=NO2)nc(N=C2NO2)cn1-c1cccc(F)c1,-11.769,0.644183,3.867888,-11.769
CC1=CCC2(CC2c2ccccc2)C(C2=CC(c3ccccc3)=NC(=C3C=CC(=O)C=C3)N2)=C1O,-12.665,0.575202,4.53564,-12.665
C=C1C=CC(c2cc(O)nc(-c3ccc(F)c(-c4ccc(F)cc4F)c3)c2)C1,-12.425,0.593061,3.457698,-12.425
CC1=C[C@@H](c2ccccc2C)CC(c2nn(-c3ccccc3C)c(=O)n(C=C3CC3)c2=O)=C1,-12.16,0.566298,3.729921,-12.16
CC1C=CC(C2C=C(C3=CC(O)CC(c4ccccc4)=C3)CC2C2=CCC(C)C=C2)=CC1,-12.995,0.53695,4.890285,-12.995
CC1=CN2CC(C3=Cc4cc(C)ccc4C3)OOC2C(c2cc(C)ccc2C)=C1,-12.653,0.636326,4.2488,-12.653
C1=CCCC(c2cccc(C3=CC(c4cccc(-c5ccccc5)c4)N4NNC4=N3)c2)=C1,-12.662,0.559266,3.470007,-12.662
Cc1cccc(-c2cccc(Cc3cc(C4=NON=C(C56CC(F)(C5)C6)C4)c4c(n3)CC(O)=NC4)n2)c1,-12.287,0.511036,4.738492,-12.287
N=C1CN=C(C2=CC(c3cc(-c4cnc(=O)n(C5=CCC=C5F)c4)cc(-c4cc4=N)c3)=CCC2=O)N1,-12.468,0.520523,4.296186,-12.468
C1=CCCC(C2(C3=NN=C(c4cccc5c4C5c4cccc5c4CC=C5)ON3)CCOCC2)=C1,-12.223,0.578865,4.36375,-12.223
C=C1CCC2(CC1)OC(NC1Nc3ccccc31)NC(c1cccc3ccccc13)O2,-12.619,0.508986,4.729064,-12.619
C=C1CC=Cc2nc3cc(C)cc(C4=NNOC(Cc5cccc6c5=CC(=N)CC=6)=N4)c3cc21,-12.272,0.643464,4.294575,-12.272
Cc1ccc(C2(C3=NN=C(C4=CCC(C)C=C4)NO3)C=C3CC3=C2)cc1,-12.096,0.89061,4.45262,-12.096
O=C1C=CC2=C1C(C1=CC=CC(C3(c4cccc(-c5cccc(F)c5)c4)CC3=O)C1)ONC2=C1N=CN=N1,-12.508,0.618974,4.817287,-12.508
O=C1CN=NC(=c2ccccc2=C2CN(C3=CC=CC(Cc4cccc(-c5ccccc5)c4)N3)CC2=O)N1,-12.165,0.575744,4.13461,-12.165
O=C1C=CC=CC1=C1N=C(C2=CC(c3cccc4cccnc34)N=C(O)C2)C=C(C2C=CC(F)=CC2)N1,-12.923,0.530498,4.650726,-12.923
CC1=CCC(c2cc3c(cn2)C2(CC2)CN(C(=O)Cc2ccccc2C2C=CC(C)=CC2)C3)C=C1,-12.21,0.507843,4.698843,-12.21
CC1(O)C=Cc2cccc(CC3=CC(Cc4cccc(C#N)c4)CC(C#CC4=CC=CCC4)=N3)c2N1,-12.232,0.528383,4.750031,-12.232
C=C1C(C(=O)C2=C(C(=O)C3=Cc4ccccc4C3=N)C(F)C(O)(Br)C=C2F)=Cc2ncccc21,-11.971,0.57226,4.765026,-11.971
CC=C1C=C2CC=CC[C@H]2N(CCn2nc(C)nc2C2C=CC(C)=C2O)C1,-11.892,0.821313,4.82433,-11.892
CC1=CCC(C2=NC(N=C3CCc4ccccc4C3F)=NC(=C3C=c4ccccc4=N3)N2)C=C1,-13.304,0.695354,4.632952,-13.304
C=C1CC(=C)C1=Nc1cc(Cl)cc(-c2cc(C3=NOC(Cl)=CC3)cc(C3CC(O)ON3)c2)c1,-11.945,0.553691,4.877072,-11.945
O=Cc1cccc(C2=CC(c3cccc(C4=CC=CC4c4ccc(F)cc4)n3)N=C3N=CNC23)n1,-11.742,0.55876,4.713024,-11.742
O=C1N=C(C2=CC(c3ccccc3)=C(C3=NOc4ccccc4O3)C2)OC2CC=CC(O)C12,-12.424,0.733333,4.565513,-12.424
Cc1ccc(C(=O)n2c3c(n2Nc2ccc(C)cc2C2=CC[C@@H](F)C=C2)C=CCC3=O)cc1,-12.474,0.560807,3.959867,-12.474
ClC1=C2CNN=C2C=C1c1cc(C2=CC([C@@H]3C=C4C=CCC4=C3)=NOO2)cc(-c2ccccc2)n1,-12.317,0.572301,4.74813,-12.317
CC1CC(C(=O)C(=N)C=C(c2ccccc2)[C@@]2(C)CC=Cc3ccccc32)=C(F)C1F,-11.529,0.544776,4.550262,-11.529
O=C1c2cc(-c3ccccc3)cc(C3=C4C=CCCC4CCN3)c2CC2CC=CC12,-11.85,0.638396,4.124622,-11.85
N=C1NCCC[C@@]12OCO[C@@H](c1cc(-c3cccc(C4=CCCC=N4)c3)cc(-c3ccccn3)c1)O2,-12.107,0.500251,4.75474,-12.107
Cc1ccc2c(c1)=CC(Cc1ccc3c(c1)=CC(C[C@H]1CC=C[C@@H](c4cccc(F)c4)O1)C=3O)C=2F,-11.941,0.546013,4.90187,-11.941
CC1=CCC(C2CC=CC=C2C2=NNOC(c3cc(-c4ccccc4)no3)=N2)C=C1F,-11.976,0.7381,4.501661,-11.976
O=C(O)C1C=CC(c2cccc(-n3cc(C4C=CC(O)=C4)c(C4C=CCC4)n3)c2)=C1,-11.997,0.690895,4.591349,-11.997
Cc1cncc2ccc(C3C(F)=CC=C3C#CC3=CC=CC3C3=CCC(F)=N3)nc12,-12.662,0.620083,4.946238,-12.662
O=c1c(-c2ccccc2)cc(C2C=CC=CC2)nn1C1=CC(c2ccccc2)ON(C2C=CC=CC2)N1,-12.752,0.500329,4.524007,-12.752
CC1=CC=C(n2nc(C(=O)NC(=S)c3n[nH]c4c3C3=C(C=CC3)CC4)c3c2C(=O)CCC3)C1C,-12.178,0.650406,4.524168,-12.178
CC1=C([C@@]23CCC[C@@H]2ONOC3)[C@H]2CCCC[C@@]2(c2nc(-c3ccccc3)no2)C=C1,-12.114,0.750247,4.780728,-12.114
C=C1C=NC[C@]2(C1)N=CN(c1nc(C(F)(F)F)nc3ccccc13)C=C2c1ccccc1,-12.18,0.550635,4.448398,-12.18
N#Cc1cccc(Nc2cccc(C3=NC(=C4C=CC(=O)C=C4)NC4=CC5=C(OON5)C43)c2)c1,-12.201,0.614611,4.120179,-12.201
N=c1cccc(C2CC=CC=C2c2noc(-c3ccccc3C3C=CC(F)C(O)=C3)n2)[nH]1,-11.873,0.503319,4.87194,-11.873
C=C(c1ccccc1[C@@H]1CC=CCC1)c1nn(C2C3c4cccc(F)c4C32)c2c1=CCC(=N)C=2,-12.845,0.540057,4.939888,-12.845
C=C1CC=C(C2=CC=C(C)C2c2nc(-c3ccc(C(F)C(F)=CF)cn3)n[nH]2)C(F)=C1C,-11.742,0.522974,4.872708,-11.742
O=C1C=CCC2(CN=c3c4c(n5c6ccccc6c(=O)n35)CC=CC4=O)C1=CC1=C2C(=O)C=CC1,-12.784,0.586548,4.696422,-12.784
N=C1C=C(c2cccc3c2C(=NC2=CC(=N)C(=O)C4CC=CC24)N3)c2ccccc2C1,-12.27,0.641465,4.632467,-12.27
CN=Cc1ccc(NC(=O)[C@H](C2=CC=CC(=N)C2)C2=CCCC=C2F)cc1-c1nc(C)cc(=O)[nH]1,-11.726,0.524891,4.391771,-11.726
C#CC1=CC=CC(=CC2=NONC(C3C=CC=C(c4cccc(-c5cccc(F)c5)c4)C3=O)=C2)C1C,-12.381,0.545209,4.671478,-12.381
C=C=Cc1cccc(C2=CCC=CC2=NC2=CC(=O)C(c3ccccc3)=C2)c1,-12.646,0.631076,3.526328,-12.646
O=C1C=C[C@@H](c2cccc(C3=NOCC([C@@H]4C=Cc5ccccc54)=N3)c2)c2ccccc21,-12.348,0.564926,4.059606,-12.348
C#CC1=CC(C2=CNCC(c3cccc(C4=CC(=C)C(c5ccc(Cl)cc5)=C4)n3)=C2)C=CC1=O,-12.042,0.572462,4.412983,-12.042
C=C1OC(c2nc(-c3cn(-c4ccccc4)c4c3C(=O)CC=N4)nn2C2C=C(Br)C=CC2)C1=N,-12.489,0.502625,4.801768,-12.489
C#CC=CC1=CC=C(C2=CCCC(C3c4ccccc4Cc4ccccc43)=C2)C1,-12.53,0.518882,3.524227,-12.53
C=C1C=Cc2c(-c3cccc(C4=CC=CC4C4=CC(O)C(=O)C=C4)c3)ccc(C3=CCNC=C3)c2C1=O,-12.389,0.554637,4.693719,-12.389
Cc1cccc([C@H]2[C@@H]3OC(=O)C4=CCCC=C4C3=Nc3cc(-c4ccccc4C)nn32)n1,-12.409,0.555974,4.22146,-12.409
O=C(C1C2=CCCC=C2c2ccccc21)[C@@H]1C=CC(C2c3ccccc3-c3ccccc32)=NN1,-13.021,0.530471,4.136784,-13.021
Cc1c(Cl)cc(C2=NC(Cc3cccc(Br)c3)=NON2)cc1C1=CC=CCC1F,-12.09,0.59684,3.974958,-12.09
C=C1C=CC(c2ccccc2F)=CN1C1=c2[nH]c3c(c2=C(C(F)(F)C(F)(F)F)C1)=NOCC=3,-12.036,0.711932,4.378261,-12.036
O=C1C=C(c2ccccc2F)C(=O)C(=C2C=CC=CN2)C1=NC1=CN=CC(=C2ONNc3cc(F)ccc32)C1=O,-13.054,0.50052,4.104199,-13.054
O[C@@H]1C=CC=CN1C1CN=C(c2ccc(CC(F)(F)C(O)(F)F)cc2F)N=C1c1cccnc1,-12.005,0.624802,4.449148,-12.005
C=C1C=CCC(C2(c3nc(-c4ccc(C(F)(F)F)cc4C)co3)CCNC(=N)C2)=C1,-12.558,0.677558,4.328334,-12.558
FC1=CN(c2ccc(C34C=CNC=C3c3ccccc34)cc2F)C2C(=C1)C1=CC=CCC12,-12.661,0.636208,4.900159,-12.661
C1=CON=C(C2C=C(C3=CCCCC3)CC(c3cccc(C4=CCCCC4)c3)=N2)C1,-12.2,0.541666,4.228026,-12.2
C=c1ccc(-c2cccc(-c3cccc(C4=CC(=CC=C5NNN5)C=CN4Cl)n3)n2)cc1=C,-12.447,0.527633,3.941864,-12.447
O=c1nc(ON2C=CC=CC23OC2=CC=CCC2c2ccccc23)oc2ccccc12,-12.575,0.611386,4.845836,-12.575
FC1=NNC(c2cccc(-c3n[nH]nc3C3=CC(C4=C5C=c6ccccc6=CC5C=CC4)C=C3)c2)=CC1,-13.292,0.521752,4.915547,-13.292
C[C@H](c1ccccc1)[C@@]1(NC(=O)c2c#cc3cc(CF)ccc3n2)CNC=C1F,-12.3,0.691547,4.771367,-12.3
CC1=NNC(=C2C3=NC(=C4C=c5ccccc5=N4)C(Oc4cccc(C)c4)=C3N=C2C2C=CC=C2)OC1=O,-12.309,0.655758,3.993453,-12.309
Cc1cc(C2=CCC(Cc3ccc4c(c3)CC4)C2=O)cc(C2=NOC(Cc3ccc4c(c3)CC4)N2)c1,-12.299,0.530436,4.134932,-12.299
C=C1C=C(c2ccccc2)C=C1c1cccc(C2=CCC(C3=CC(=C4N=CNN4)C(=O)C=C3)=C2)n1,-12.168,0.619971,3.87369,-12.168
FC1=C(c2cccc(C3=CC=CC3)c2)Oc2ccccc2C12C=CCCC2,-12.919,0.541546,4.10481,-12.919
FC1=CCC(c2cc(C3=CC=CC3)cc(-c3cc(C4C=CC=CC4)ccn3)n2)C1=C1N=CC=N1,-12.339,0.518886,4.684343,-12.339
O=C1CC(c2cccc(C3=NC4C(c5cccc(C6C=CCCC6)c5)=CC=NN4N3)c2)=NN1,-13.003,0.717233,4.432997,-13.003
CC1=CC=C(ON2N=C3C(=C(c4ccc(O)cc4)N2)OC2=CCCCC23)C(c2ccccc2C#N)C1,-12.978,0.579677,4.650562,-12.978
O=C1NC2CCCCC2C=C1c1nc(C2=CCCC=C2C2=CCC(F)C=C2F)no1,-12.213,0.778255,4.830475,-12.213
CC1=CCC(C2=CCCC=C2)C(c2cc(=O)c3c([nH]2)C(=O)[C@H](C2=CC(=N)CCC2)CC3)=C1F,-13.519,0.58473,4.842195,-13.519
O=C1C=C(c2cccc(C3C=CC=C3c3cccc(C4=CC5=CC=CC5N4)c3)c2)N=C2C=CC=CC12,-12.244,0.573728,4.73113,-12.244
C(=C1CCCc2ccccc21)C1=NC(C2=NOOC(C=C3CCCC4c5ccccc5C34)=N2)=NOO1,-12.363,0.524012,4.822196,-12.363
Cc1ccc(-c2ccccc2)cc1NC(=O)C1(c2cccc(C#N)c2)C=CC=CC1C#N,-12.496,0.595804,3.580282,-12.496
O=C(Nc1cccc(Cc2ccccc2)c1)NC1(c2noc(C3CCCC3)n2)C=CC=C1,-12.195,0.548381,2.897839,-12.195
O=C1C=CC(c2cccc(-c3cccc(C4=CC=CC(C5C=CC(=O)NC5)C4)c3)c2)C=C1,-12.314,0.721825,4.086804,-12.314
C=C1C=C(C#N)C=C2C=C(c3ccc4c(c3)N(C(=O)Nc3cc(C#N)ccc3F)CCC4)COC12,-11.954,0.643568,3.917208,-11.954
C1#CCC(c2nc(-c3ccc4ccccc4n3)cc(=NCCC3CC#CCC3)o2)=CC1,-12.26,0.550769,4.886849,-12.26
CC1=CC2C=C(c3cccc(C4=CCCC(C5=CC=CC(C6=CNNC6)C5)=C4)c3)C(F)=C2C=C1,-12.453,0.516283,4.926636,-12.453
O=c1oc#cc2c1=C1CC(F)=CC=C1C=2c1nc2cccc(-c3ccc(F)cc3)n2n1,-12.514,0.508979,3.985998,-12.514
C=C1CNCC(N=C2C=C(c3cccc(C4=CC=CCC4=C)c3)C=C2C2=CC=C(F)CC2=C)=N1,-12.832,0.556419,4.455417,-12.832
CC1=C(Cl)CC=C1c1cc(-c2cc(N3OC=NC3C)nc3c2C=CC3)cc2[nH][nH]c12,-12.349,0.58628,4.797709,-12.349
C#CC1C=C2C(C=Cc3ccc(C=N)cc3)=CC(CC3=CCC=C3)C2=C1,-11.917,0.53126,4.907487,-11.917
N=C1C=C[C@@H](c2ccc(F)cc2)[C@@H](c2nc(C3=CCC(C(F)(F)F)C=C3)no2)C1,-12.747,0.681013,4.447558,-12.747
C#CC1=C(c2cccc(C3=CC(C4=NN=NC4)=NC(=C4C=CN=CC4)N3)c2)C(F)C(F)=C1C#N,-12.249,0.680939,4.976534,-12.249
C(#Cc1ccccc1[C@@H]1N[C@H]2CCCC[C@@H]2[C@@H](C#CC2C=CC=CC2)N1)c1ccccc1,-12.899,0.610971,4.743594,-12.899
N#Cc1cccc(N2C=C3C(=O)CN(C(=O)OC#CC4c5ccccc5-c5ccccc54)[C@@H]3C2=O)c1,-12.479,0.5015,3.935647,-12.479
N=C1C=CCC(c2cccc(NC3CC=CC=C3c3cccc(C4C=CC=CC4)c3)c2)C1,-13.029,0.51609,4.36119,-13.029
CC1=CC([C@@H]2CN(c3nc(-c4ccccc4)nc(-c4ccccc4)c3C)C[C@]23CCNC3)CC1,-12.334,0.503252,4.320764,-12.334
CC1=C(Cl)C(C2=NON=C(c3nn(C)c(=O)c4ccccc34)O2)c2ccccc2C1C,-12.677,0.599629,4.165917,-12.677
C#Cc1cc(C2=CC(c3cccc(C4C=CC=CC4)c3)CC=C2)c2c(c1)C(NS(C)(=O)=O)CCC2,-12.206,0.508007,4.414767,-12.206
C1=CCCC(C2=CC(=NC3(c4cccc(C5C=COCC5)n4)CC=CC=N3)c3ccccc32)=C1,-12.469,0.543212,4.807917,-12.469
N=C1CC(c2cccc(C3C4=CCCC=C43)c2)CN1c1cccc(C2C3=CCCC=C32)c1,-12.837,0.563036,4.079503,-12.837
C#Cc1ccc(Cc2ccc(-c3ccc(C#C)nn3)nn2)c(C2=CCC3=C2C#CC3)c1,-12.16,0.626281,4.12047,-12.16
CC1=CCC(C)(NC(=O)c2c(-c3ccc(F)cc3)[nH]n(C3=CC(=O)C(F)=CC3(F)Cl)c2=O)C=C1,-11.772,0.617554,4.465758,-11.772
N=C1CCn2c(-c3ccccc3)nc(-c3nc(C4=CC=C(F)CC4)no3)c2C1=N,-12.196,0.69269,3.511487,-12.196
N=C1C=CC(c2nc(C3=CC(=O)C(Nc4cccc5c4CC(F)=NC54CC4)=C3)nc3ccccc23)C1=O,-13.159,0.550064,4.79803,-13.159
CC(c1ccccc1)(c1ccccc1)n1nnc(C2=CC=C(C3C=CCC3=N)C2)n1,-12.273,0.633615,3.947028,-12.273
CC1=CC(c2nc(C3=CCC(N)=N3)cc(-c3nc(C(=N)C(F)(F)F)cc(C)c3Br)n2)=CC1C,-12.046,0.514391,4.569935,-12.046
C=C1C=C(F)C(C2=CC(=C)C=C2c2cc(-c3ccccc3)n(C3=CC(=C)NC=C3F)n2)=C1,-12.071,0.604492,4.182293,-12.071
Cc1nc(C2=CC=CCC2=C2C=CC=N2)nc(C2=C3C(=N)C=CC=C3C(c3ccccc3)=C2)n1,-12.847,0.6582,3.912818,-12.847
N#Cc1cccc(-c2cccc([C@H]3C=C(c4nc(C5=CC(C#N)C=C5)no4)CC(F)N3)c2)c1F,-12.447,0.541703,4.640811,-12.447
O=C1C=C2OCC=C(C3C=C4C(=CC3=O)OCC=C4c3nc4c(c(=C5Cc6ccccc6NC5=O)n3)=CC=CC4)C2=CC1,-12.49,0.594893,4.941811,-12.49
CN1CCN(C(=O)C2=CC=CC(=C3C=CCC4=NC(c5noc(C6=CC7CCCC7=C6)n5)C=C43)N2)CC1,-12.151,0.690494,4.808533,-12.151
C1=CCNC(c2cccc(C3=CC=CC3c3cccc(C4=CC(=C5C=NON5)CC=C4)c3)c2)=C1,-12.797,0.605411,4.426932,-12.797
C#CC1=CCC(n2nc(N3CCCC4=C3CCC4)n2C2=NN(N3CCCC4=C3CCC4)CCC2)=CC1,-12.222,0.523409,4.553389,-12.222
C1=CC(c2cc(C3=c4ccccc4=C(C4=CCCC=C4)C3)nc3ccccc23)C=C1,-12.711,0.582185,3.443294,-12.711
Cc1c2c(cc3c1=CC(=O)C=3)[C@H]1c3ccccc3O[C@@H]1[C@H]1C3=CC(C)C=C3[C@H]21,-12.169,0.670984,4.977781,-12.169
C=C=c1cccc(-c2ccccc2-c2noc(-c3ccc(F)nc3F)n2)c1=C=C,-12.124,0.50255,3.369923,-12.124
CC1C=Cc2c1cc(C1=CN(c3ccccc3)NC(C3CN3c3ccccc3)=C1)[nH]c2=NF,-12.062,0.560568,4.678381,-12.062
